record_id_a,person_id,record_id_b
A0001,1,B0001
A0002,3,B0003
A0003,4,B0004
A0004,7,B0007
A0005,8,B0008
A0006,9,B0009
A0007,10,B0010
A0009,12,B0011
A0010,13,B0012
A0012,15,B0013
A0013,16,B0014
A0017,20,B0015
A0018,22,B0017
A0019,23,B0018
A0020,24,B0019
A0021,26,B0021
A0023,28,B0022
A0024,31,B0025
A0025,32,B0026
A0026,33,B0027
A0029,36,B0028
A0030,37,B0029
A0031,38,B0030
A0032,40,B0032
A0033,41,B0033
A0034,42,B0034
A0035,43,B0035
A0036,44,B0036
A0037,45,B0037
A0038,46,B0038
A0039,47,B0039
A0040,48,B0040
A0041,49,B0041
A0043,52,B0043
A0044,53,B0044
A0045,55,B0046
A0046,56,B0047
A0048,58,B0048
A0049,59,B0049
A0050,60,B0050
A0051,61,B0051
A0053,63,B0052
A0054,64,B0053
A0055,66,B0055
A0057,68,B0056
A0058,69,B0057
A0059,70,B0058
A0060,71,B0059
A0061,72,B0060
A0062,73,B0061
A0063,74,B0062
A0064,75,B0063
A0065,76,B0064
A0066,78,B0066
A0067,79,B0067
A0068,81,B0069
A0069,82,B0070
A0070,83,B0071
A0071,84,B0072
A0074,87,B0073
A0075,88,B0074
A0077,90,B0075
A0078,91,B0076
A0079,92,B0077
A0080,94,B0079
A0081,95,B0080
A0082,96,B0081
A0083,97,B0082
A0084,98,B0083
A0085,99,B0084
A0086,100,B0085
A0087,101,B0086
A0088,102,B0087
A0089,103,B0088
A0090,104,B0089
A0091,105,B0090
A0092,106,B0091
A0093,107,B0092
A0094,108,B0093
A0095,109,B0094
A0096,110,B0095
A0097,111,B0096
A0098,112,B0097
A0099,113,B0098
A0101,115,B0099
A0102,116,B0100
A0103,117,B0101
A0104,118,B0102
A0105,119,B0103
A0107,121,B0104
A0108,123,B0106
A0109,124,B0107
A0110,125,B0108
A0111,126,B0109
A0112,127,B0110
A0113,128,B0111
A0114,129,B0112
A0116,131,B0113
A0117,132,B0114
A0118,133,B0115
A0119,134,B0116
A0120,135,B0117
A0121,136,B0118
A0122,138,B0120
A0123,140,B0122
A0124,141,B0123
A0125,142,B0124
A0126,143,B0125
A0127,144,B0126
A0128,146,B0128
A0129,147,B0129
A0131,152,B0133
A0132,153,B0134
A0133,154,B0135
A0134,155,B0136
A0135,156,B0137
A0136,157,B0138
A0137,159,B0140
A0138,160,B0141
A0139,161,B0142
A0140,162,B0143
A0141,163,B0144
A0142,164,B0145
A0143,165,B0146
A0144,166,B0147
A0145,167,B0148
A0146,168,B0149
A0147,169,B0150
A0148,170,B0151
A0149,171,B0152
A0150,172,B0153
A0153,176,B0155
A0154,177,B0156
A0156,180,B0158
A0157,182,B0160
A0158,183,B0161
A0159,184,B0162
A0160,187,B0165
A0161,188,B0166
A0163,191,B0168
A0165,195,B0171
A0166,197,B0173
A0167,198,B0174
A0170,204,B0178
A0171,205,B0179
A0172,206,B0180
A0173,207,B0181
A0174,208,B0182
A0175,209,B0183
A0176,210,B0184
A0178,213,B0186
A0180,215,B0187
A0181,216,B0188
A0182,217,B0189
A0183,218,B0190
A0184,219,B0191
A0185,220,B0192
A0186,221,B0193
A0188,223,B0194
A0189,224,B0195
A0190,225,B0196
A0191,226,B0197
A0192,227,B0198
A0193,228,B0199
A0194,229,B0200
A0196,231,B0201
A0198,234,B0203
A0199,235,B0204
A0200,236,B0205
A0201,238,B0207
A0202,239,B0208
A0204,241,B0209
A0206,243,B0210
A0207,244,B0211
A0208,245,B0212
A0209,246,B0213
A0210,247,B0214
A0211,249,B0216
A0213,251,B0217
A0214,253,B0219
A0215,254,B0220
A0216,255,B0221
A0217,256,B0222
A0218,258,B0224
A0219,259,B0225
A0220,260,B0226
A0221,261,B0227
A0222,262,B0228
A0223,264,B0230
A0224,266,B0232
A0225,267,B0233
A0226,268,B0234
A0227,269,B0235
A0228,270,B0236
A0229,271,B0237
A0230,272,B0238
A0231,274,B0240
A0232,275,B0241
A0233,276,B0242
A0234,277,B0243
A0235,278,B0244
A0236,279,B0245
A0238,281,B0246
A0239,282,B0247
A0240,284,B0249
A0241,285,B0250
A0242,286,B0251
A0243,287,B0252
A0245,289,B0253
A0246,292,B0256
A0247,293,B0257
A0249,295,B0258
A0250,296,B0259
A0251,297,B0260
A0252,298,B0261
A0254,301,B0263
A0255,304,B0266
A0256,305,B0267
A0257,306,B0268
A0258,307,B0269
A0259,308,B0270
A0261,310,B0271
A0262,311,B0272
A0264,313,B0273
A0265,314,B0274
A0266,315,B0275
A0267,316,B0276
A0269,318,B0277
A0270,320,B0279
A0271,321,B0280
A0272,322,B0281
A0273,323,B0282
A0274,324,B0283
A0275,325,B0284
A0276,327,B0286
A0278,329,B0287
A0281,332,B0288
A0282,333,B0289
A0284,336,B0291
A0285,338,B0293
A0286,339,B0294
A0287,340,B0295
A0288,341,B0296
A0289,342,B0297
A0290,344,B0299
A0291,345,B0300
A0292,346,B0301
A0293,347,B0302
A0294,348,B0303
A0295,349,B0304
A0296,352,B0307
A0297,353,B0308
A0298,354,B0309
A0300,357,B0311
A0301,358,B0312
A0302,359,B0313
A0304,363,B0316
A0305,364,B0317
A0307,367,B0319
A0308,368,B0320
A0309,369,B0321
A0311,371,B0322
A0312,372,B0323
A0313,373,B0324
A0314,374,B0325
A0317,377,B0326
A0318,378,B0327
A0319,379,B0328
A0320,380,B0329
A0321,381,B0330
A0323,383,B0331
A0324,384,B0332
A0325,385,B0333
A0326,386,B0334
A0328,388,B0335
A0329,389,B0336
A0330,390,B0337
A0331,391,B0338
A0332,392,B0339
A0333,395,B0342
A0334,396,B0343
A0336,398,B0344
A0337,400,B0346
A0338,401,B0347
A0340,403,B0348
A0341,404,B0349
A0342,405,B0350
A0343,406,B0351
A0344,407,B0352
A0345,408,B0353
A0346,409,B0354
A0347,410,B0355
A0348,411,B0356
A0349,413,B0358
A0350,414,B0359
A0352,416,B0360
A0353,417,B0361
A0356,421,B0363
A0357,422,B0364
A0358,423,B0365
A0361,430,B0370
A0362,431,B0371
A0363,432,B0372
A0364,433,B0373
A0365,434,B0374
A0366,435,B0375
A0367,436,B0376
A0369,438,B0377
A0370,439,B0378
A0371,441,B0380
A0372,442,B0381
A0373,443,B0382
A0374,445,B0384
A0375,446,B0385
A0376,447,B0386
A0377,448,B0387
A0378,449,B0388
A0379,450,B0389
A0381,453,B0391
A0382,454,B0392
A0383,457,B0395
A0384,458,B0396
A0385,459,B0397
A0386,460,B0398
A0387,461,B0399
A0389,463,B0400
A0391,465,B0401
A0392,466,B0402
A0395,469,B0403
A0396,470,B0404
A0397,471,B0405
A0398,472,B0406
A0399,473,B0407
A0400,474,B0408
A0402,479,B0412
A0403,480,B0413
A0404,481,B0414
A0405,482,B0415
A0407,485,B0417
A0408,487,B0419
A0409,488,B0420
A0410,489,B0421
A0413,492,B0422
A0414,493,B0423
A0415,496,B0426
A0417,498,B0427
A0418,499,B0428
A0420,501,B0429
A0422,503,B0430
A0423,504,B0431
A0424,505,B0432
A0425,506,B0433
A0428,512,B0437
A0429,513,B0438
A0430,514,B0439
A0431,515,B0440
A0434,518,B0441
A0435,519,B0442
A0436,520,B0443
A0437,521,B0444
A0438,522,B0445
A0440,525,B0447
A0441,527,B0449
A0443,530,B0451
A0444,531,B0452
A0445,532,B0453
A0447,534,B0454
A0449,536,B0455
A0450,537,B0456
A0451,538,B0457
A0452,540,B0459
A0453,541,B0460
A0454,542,B0461
A0455,543,B0462
A0456,544,B0463
A0457,545,B0464
A0458,546,B0465
A0459,547,B0466
A0461,549,B0467
A0462,550,B0468
A0463,551,B0469
A0464,552,B0470
A0465,553,B0471
A0466,554,B0472
A0467,556,B0474
A0468,557,B0475
A0470,559,B0476
A0471,560,B0477
A0474,563,B0478
A0475,564,B0479
A0476,565,B0480
A0477,566,B0481
A0478,567,B0482
A0479,568,B0483
A0480,569,B0484
A0481,570,B0485
A0482,571,B0486
A0485,575,B0488
A0486,576,B0489
A0487,577,B0490
A0488,579,B0492
A0489,580,B0493
A0490,581,B0494
A0493,584,B0495
A0494,585,B0496
A0496,588,B0498
A0497,589,B0499
A0498,591,B0501
A0499,592,B0502
A0500,593,B0503
A0501,594,B0504
A0503,596,B0505
A0504,598,B0507
A0505,599,B0508
A0506,600,B0509
A0507,601,B0510
A0508,602,B0511
A0509,603,B0512
A0510,604,B0513
A0511,605,B0514
A0512,609,B0518
A0513,610,B0519
A0514,611,B0520
A0515,612,B0521
A0516,614,B0523
A0517,617,B0526
A0519,619,B0527
A0520,620,B0528
A0521,621,B0529
A0522,622,B0530
A0524,624,B0531
A0525,625,B0532
A0530,630,B0533
A0531,633,B0536
A0532,634,B0537
A0533,635,B0538
A0534,636,B0539
A0535,637,B0540
A0538,641,B0542
A0539,642,B0543
A0540,643,B0544
A0541,644,B0545
A0542,645,B0546
A0543,646,B0547
A0544,647,B0548
A0545,649,B0550
A0546,650,B0551
A0547,651,B0552
A0548,652,B0553
A0549,653,B0554
A0550,655,B0556
A0551,656,B0557
A0552,657,B0558
A0553,658,B0559
A0554,659,B0560
A0555,660,B0561
A0556,662,B0563
A0557,663,B0564
A0558,664,B0565
A0559,666,B0567
A0561,668,B0568
A0563,670,B0569
A0564,672,B0571
A0565,673,B0572
A0566,674,B0573
A0567,675,B0574
A0568,676,B0575
A0569,677,B0576
A0570,678,B0577
A0571,679,B0578
A0572,680,B0579
A0575,685,B0582
A0576,686,B0583
A0577,687,B0584
A0578,688,B0585
A0580,690,B0586
A0581,691,B0587
A0582,692,B0588
A0583,693,B0589
A0586,696,B0590
A0587,697,B0591
A0589,699,B0592
A0590,700,B0593
A0591,701,B0594
A0592,702,B0595
A0593,704,B0597
A0594,705,B0598
A0595,706,B0599
A0596,707,B0600
A0597,708,B0601
A0598,709,B0602
A0599,710,B0603
A0600,711,B0604
A0601,712,B0605
A0602,713,B0606
A0603,715,B0608
A0604,716,B0609
A0605,717,B0610
A0606,718,B0611
A0607,719,B0612
A0608,720,B0613
A0610,722,B0614
A0611,723,B0615
A0612,724,B0616
A0613,725,B0617
A0614,726,B0618
A0615,727,B0619
A0617,729,B0620
A0618,731,B0622
A0621,734,B0623
A0622,735,B0624
A0623,736,B0625
A0624,737,B0626
A0625,738,B0627
A0626,739,B0628
A0627,740,B0629
A0628,744,B0633
A0629,746,B0635
A0630,747,B0636
A0631,748,B0637
A0632,749,B0638
A0633,750,B0639
A0635,752,B0640
A0636,754,B0642
A0637,755,B0643
A0638,756,B0644
A0639,757,B0645
A0640,758,B0646
A0641,759,B0647
A0642,760,B0648
A0644,763,B0650
A0646,765,B0651
A0647,767,B0653
A0648,768,B0654
A0649,769,B0655
A0650,772,B0658
A0652,774,B0659
A0655,778,B0661
A0656,779,B0662
A0657,780,B0663
A0658,781,B0664
A0659,782,B0665
A0660,783,B0666
A0661,784,B0667
A0662,785,B0668
A0663,786,B0669
A0664,787,B0670
A0665,788,B0671
A0667,792,B0674
A0669,794,B0675
A0670,795,B0676
A0672,797,B0677
A0674,799,B0678
A0675,802,B0681
A0676,803,B0682
A0677,804,B0683
A0679,806,B0684
A0680,807,B0685
A0682,809,B0686
A0684,812,B0688
A0685,813,B0689
A0686,814,B0690
A0687,815,B0691
A0688,816,B0692
A0689,818,B0694
A0690,819,B0695
A0691,821,B0697
A0692,822,B0698
A0693,823,B0699
A0695,825,B0700
A0696,826,B0701
A0697,827,B0702
A0698,828,B0703
A0699,829,B0704
A0700,830,B0705
A0701,831,B0706
A0702,832,B0707
A0703,833,B0708
A0704,834,B0709
A0705,835,B0710
A0706,836,B0711
A0707,838,B0713
A0709,840,B0714
A0710,842,B0716
A0711,845,B0719
A0712,846,B0720
A0713,848,B0722
A0715,850,B0723
A0717,852,B0724
A0718,853,B0725
A0719,854,B0726
A0720,855,B0727
A0721,856,B0728
A0722,857,B0729
A0723,858,B0730
A0724,859,B0731
A0725,860,B0732
A0726,861,B0733
A0727,862,B0734
A0728,863,B0735
A0729,864,B0736
A0731,866,B0737
A0732,867,B0738
A0733,868,B0739
A0734,869,B0740
A0735,870,B0741
A0736,871,B0742
A0737,873,B0744
A0738,874,B0745
A0739,875,B0746
A0740,876,B0747
A0741,877,B0748
A0742,879,B0750
A0744,881,B0751
A0745,882,B0752
A0746,883,B0753
A0748,885,B0754
A0749,886,B0755
A0750,887,B0756
A0751,888,B0757
A0752,889,B0758
A0753,890,B0759
A0754,891,B0760
A0756,894,B0762
A0757,895,B0763
A0759,898,B0765
A0760,899,B0766
A0761,900,B0767
A0762,901,B0768
A0765,904,B0769
A0766,905,B0770
A0767,906,B0771
A0768,907,B0772
A0769,908,B0773
A0770,909,B0774
A0774,913,B0775
A0775,914,B0776
A0777,916,B0777
A0778,917,B0778
A0780,919,B0779
A0781,920,B0780
A0784,924,B0782
A0785,926,B0784
A0786,928,B0786
A0787,930,B0788
A0788,931,B0789
A0789,932,B0790
A0790,933,B0791
A0791,934,B0792
A0793,936,B0793
A0794,937,B0794
A0795,938,B0795
A0796,939,B0796
A0797,942,B0799
A0799,944,B0800
A0801,946,B0801
A0802,947,B0802
A0803,948,B0803
A0804,949,B0804
A0805,951,B0806
A0806,952,B0807
A0807,953,B0808
A0808,954,B0809
A0809,955,B0810
A0810,956,B0811
A0811,957,B0812
A0812,959,B0814
A0814,961,B0815
A0815,963,B0817
A0816,964,B0818
A0817,965,B0819
A0819,967,B0820
A0820,968,B0821
A0821,969,B0822
A0823,971,B0823
A0824,972,B0824
A0825,973,B0825
A0826,974,B0826
A0827,975,B0827
A0829,977,B0828
A0830,978,B0829
A0831,979,B0830
A0832,980,B0831
A0833,981,B0832
A0835,983,B0833
A0836,984,B0834
A0837,985,B0835
A0838,986,B0836
A0839,987,B0837
A0840,988,B0838
A0841,989,B0839
A0842,990,B0840
A0843,991,B0841
A0844,993,B0843
A0845,994,B0844
A0846,995,B0845
A0847,997,B0847
A0848,998,B0848
A0849,999,B0849
A0850,1000,B0850
