first_name,surname,dob,postcode,city,email,phone,record_id,source_dataset
Ruth,Grifftihs,1989-06-01,L21 9SB,North Charliebury,,,B0001,hospital_b
Joan,White,1998-09-29,S54 3PE,South Lewisstad,rachael40@example.net,+44(0)151 496 0816,B0002,hospital_b
aJson,Fisher,1995-10-31,N9D 0JN,Port Donaldville,owhite@example.com,(0116)4960553,B0003,hospital_b
Vanesas,Pihllips,2003-08-29,BS9X 8JG,Lambside,lydiaduncan@example.org,+44(0)117 4960056,B0004,hospital_b
aMx,Collins,2001-12-10,N3S 6TF,Bradleybury,fiona69@example.com,+441314960328,B0005,hospital_b
Valerie,Green,1938-09-21,G2 9DR,Wrightmouth,andrea01@example.net,+44(0)909 8790845,B0006,hospital_b
Nathan,Harris,1946-10-30,M8 8EN,East Karen,,0113 496 0957,B0007,hospital_b
Jack,Griffiths,1961-10-12,EC0 9DD,Sharpside,scottknowles@example.net,+44116 496 0489,B0008,hospital_b
Mary,Arnold,2003-02-04,SM3Y 6QT,O'Neillbury,haynesjoan@example.net,+44(0)117 4960930,B0009,hospital_b
Steevn,Walters,1939-07-31,B5 8JL,Stevensberg,esmith@example.com,0117 496 0116,B0010,hospital_b
Georgina,Gibson,1982-11-21,B1U 2SU,Dobsonfurt,obrienpaul@example.com,+44118 4960746,B0011,hospital_b
Bethan,Adnrews,2007-12-13,W2D 3BY,Lake Terryton,jacksonstephanie@example.net,(0116) 4960081,B0012,hospital_b
Clare,Saunders,1990-03-03,B7 1XH,Waynestad,shawlauren@example.com,(0116) 4960784,B0013,hospital_b
Molly,Robinson,1994-03-15,B8E 2LE,Lake Andreaberg,lawrence93@example.net,(0131) 496 0348,B0014,hospital_b
Julian,Wilson,1983-06-20,HP41 5WR,Matthewville,,(0115) 496 0965,B0015,hospital_b
eTrry,Williams,2007-02-18,S94BS,New Shannonborough,sharon15@example.net,+441214960148,B0016,hospital_b
Dylan,King,1959-02-04,GY8E 6RG,Carolside,rogersrhys@example.com,+44(0)306 999 0995,B0017,hospital_b
Natalie,Williams,1984-08-08,W2S 4WZ,Colinbury,eric32@example.org,+44(0)1134960379,B0018,hospital_b
Liam,Murphy,1999-12-21,L6H 3FA,Port Dianebury,bethanweston@example.org,,B0019,hospital_b
Aaron,Robrets,1984-01-07,N7K 8TG,powerbury,maria73@example.com,(0151) 4960143,B0020,hospital_b
Abdul,Goodwin,2000-06-22,G2 6FH,South Janemouth,nsanderson@example.com,(0141) 496 0909,B0021,hospital_b
Scott,Robinson,1974-04-10,PE90 6FT,North Elliot,,01314960646,B0022,hospital_b
Howard,Lee,1969-08-13,NP0N 1BA,East Michael,shaneclarke@example.net,(0115)4960937,B0023,hospital_b
Beth,Smith,1962-03-19,E2E 9AN,frostborough,wrightteresa@example.org,01154960491,B0024,hospital_b
Anna,Gill,1960-08-17,SE51 0SU,South Lindamouth,tracynoble@example.net,,B0025,hospital_b
Paemla,Hall,1995-07-25,M5W 1LT,Port Gillian,fholt@example.com,,B0026,hospital_b
Garry,Coko,1999-07-19,WS4V 8HD,lake jane,,0161 4960770,B0027,hospital_b
Jordan,Simpson,1975-09-05,CO7B 9NU,Williamsburgh,smithlesley@example.org,+44808 157 0167,B0028,hospital_b
Liam,Mellor,1985-05-24,G94 3EX,Butlerbury,cprice@example.com,(0909) 8790964,B0029,hospital_b
Shirley,Houghotn,1979-10-15,CB3X 4DG,East Lynn,popemichelle@example.com,+44292018974,B0030,hospital_b
Rayn,Barnes,1986-11-22,WN7B 4YH,Clarkbury,vincentmason@example.org,(0114) 496 0249,B0031,hospital_b
Shirley,Woodward,1967-05-05,SM46 8XU,Franciston,mhunter@example.com,,B0032,hospital_b
Kate,Watson,2008-04-02,UB4W2UW,Chadwickburgh,,0161 496 0565,B0033,hospital_b
Danyn,Davies,1997-11-24,KA7 6XB,Nicholsonview,connor68@example.org,,B0034,hospital_b
Alexander,Kay,1961-09-10,RG70 4XF,Jenniferfort,dayharriet@example.net,0808 157 0324,B0035,hospital_b
Lynn,Brown,1965-01-24,E71 7NW,Elizabethfort,jsmith@example.org,01414960398,B0036,hospital_b
Barry,Taylor,1955-06-13,HR84 4NY,Taylormouth,jward@example.net,0141 496 0753,B0037,hospital_b
Amelia,Smith,1963-03-29,BH57 6FU,east stephanieshire,oliver71@example.net,+441514960026,B0038,hospital_b
Abbie,Morgan,1940-09-29,HR9 1PX,Watsonfort,richardsdamian@example.net,+4429 2018431,B0039,hospital_b
Tracy,Stewart,1990-10-16,WR1R 4AB,Williamport,karen62@example.org,(0191) 496 0692,B0040,hospital_b
Ronald,Jarvsi,1979-10-11,PR37 3TL,smithtown,rhutchinson@example.net,(0116) 4960175,B0041,hospital_b
Kate,Burns,2005-07-06,EN7M 6UE,South Alexandra,beverley44@example.org,+448081570640,B0042,hospital_b
Joshua,Jackson,1988-09-29,M5 2HF,Melaniehaven,,+44(0)1632960517,B0043,hospital_b
Keith,Dael,2005-11-02,SR6V 1RA,paulaville,vconnolly@example.net,,B0044,hospital_b
Raymond,Davies,1969-09-13,N9D 7NS,East Jordanton,valerie11@example.org,+44(0)9098790826,B0045,hospital_b
Snadra,Middleton,2004-08-03,NP6W 6EU,Singhview,marshallcharlie@example.com,(0151)4960351,B0046,hospital_b
Joyce,Owen,2001-02-08,HU0P3ET,Lake Philliptown,fitzgeraldnorman@example.org,+44(0)306 999 0931,B0047,hospital_b
Arthur,Barnett,1989-06-06,E1H 5WY,South Stephaniebury,woodkaty@example.net,(0121)4960700,B0048,hospital_b
Catherine,Baker,1966-05-27,W7 1PZ,North Malcolm,,+44(0)1214960698,B0049,hospital_b
Billy,Prcie,1979-06-25,E8 6TJ,Cookmouth,gsanderson@example.com,,B0050,hospital_b
Carl,Holmes,1969-11-26,E1 1QF,New Chelseaside,vanessa16@example.com,,B0051,hospital_b
Sylvia,Burke,1954-10-22,M45 0GF,Reestown,morrisrobin@example.com,,B0052,hospital_b
Luaren,Webster,1958-12-18,E0C 9BD,Angelachester,ajenkins@example.com,+44117 4960815,B0053,hospital_b
Sharon,Griffiths,1984-10-17,W8S0JR,North Dennisport,ashleymiller@example.com,+44(0)1214960107,B0054,hospital_b
Sharon,Jarvis,1963-01-14,DY8V 1RB,Brownland,beverley69@example.com,01632 960641,B0055,hospital_b
Denise,O'Cnonor,1991-12-13,SS2 1FL,East Mandy,abbietucker@example.net,+44161 496 0799,B0056,hospital_b
uLcy,Davies,1999-09-03,RH9N 2TD,Williamsport,marie05@example.net,+44114 496 0477,B0057,hospital_b
Ian,George,1995-12-31,E9 7YX,South Alexandraborough,rachael78@example.org,(0114) 496 0715,B0058,hospital_b
Graham,Pollard,1947-11-18,W78 5QN,hansonmouth,pearsoneileen@example.com,(0114) 4960518,B0059,hospital_b
Joesphine,Cooper,1953-09-05,PL2N 9FQ,Abbiefurt,marilynwalters@example.org,,B0060,hospital_b
Scott,Dvaies,1995-10-19,SL8B 8QA,Dylanburgh,mauricemay@example.com,0117 4960322,B0061,hospital_b
Martni,Doyle,1992-10-25,B5U 9RF,East Hazel,jenniferthomas@example.com,(029)2018379,B0062,hospital_b
Glen,Mitchell,1992-07-02,L47 5YT,Moranfurt,mmorgan@example.net,+44(0)1154960407,B0063,hospital_b
Christnie,Naylor,1942-10-09,E4B 4TW,Port Amanda,hardingross@example.com,+44(0)909 8790506,B0064,hospital_b
Alexander,Frost,1962-08-01,BT53 5EP,East Ian,megan27@example.com,028 9018010,B0065,hospital_b
Doulgas,Stevens,1946-03-13,PL8P 4JN,North Shanechester,fcollins@example.net,,B0066,hospital_b
Cameron,Edwadrs,1956-07-18,N3 2DW,Josephhaven,blackpauline@example.org,+4428 9018 0654,B0067,hospital_b
Adnrew,Evnas,1940-03-19,E95 0QX,Carlyburgh,erobinson@example.net,+44(0)116 4960217,B0068,hospital_b
Alan,Harris,1938-06-25,B54 8UL,Port Eileenborough,susan05@example.com,+44115 4960566,B0069,hospital_b
Chole,Lawrence,1963-07-05,W75 1SD,Fosterburgh,danny11@example.com,029 2018447,B0070,hospital_b
Mandy,Edwrads,1947-06-13,HS70 9SL,North Vanessafurt,,0909 8790970,B0071,hospital_b
Malcolm,Rice,1992-02-12,HX69FT,christinemouth,allenmelanie@example.com,(0141)4960543,B0072,hospital_b
Andrea,Allen,1969-05-27,G9B 4RU,Hiltonshire,harveyelliott@example.net,+44114 496 0778,B0073,hospital_b
Leigh,Clarke,1995-10-21,G2G 1WF,Rogerburgh,,0121 496 0143,B0074,hospital_b
Alexandra,Fletcher,1981-12-06,WV84 7JR,Sandraland,steeleelizabeth@example.com,+44(0)151 4960359,B0075,hospital_b
Gareth,Webster,1987-09-22,WN5P 5WX,West Cameronmouth,phillipslouis@example.org,,B0076,hospital_b
mAber,Fletcher,2005-07-24,N95 2UW,Morleyport,zbrown@example.net,+44(0)151 496 0339,B0077,hospital_b
Jay,Parker,1955-10-28,W4J 1SF,Clairefurt,jordan60@example.net,+44(0)1914960358,B0078,hospital_b
Gerard,Ford,1972-02-04,M9S 2ER,Declanside,gareth39@example.net,+44141 496 0800,B0079,hospital_b
Ian,Khan,1959-08-06,NE72 5ZP,south amber,jenna58@example.net,(0191) 4960794,B0080,hospital_b
Aliec,Sharp,1962-03-04,CH6W 0ZU,Abbieshire,leejackson@example.org,01914960962,B0081,hospital_b
Gial,Smith,1977-01-30,CH3A 5SF,Marshallchester,vwong@example.net,(0114) 496 0283,B0082,hospital_b
Chlesea,Rsoe,1983-08-17,S5C 8PX,Sianview,plucas@example.com,+44(0)191 4960434,B0083,hospital_b
Gerard,Cole,1985-09-02,HD75 4EY,Wheelerfurt,jacob40@example.com,01632960157,B0084,hospital_b
Abbie,Smiht,1970-04-04,M841ZY,East Adam,kimbarnes@example.org,+44(0)141 496 0571,B0085,hospital_b
Gail,Welch,1935-08-30,G6S 7HN,Mitchellton,rileydale@example.net,+44(0)1632 960 026,B0086,hospital_b
Edwrad,McDonald,1937-12-07,TN720AN,West Glenmouth,igregory@example.net,+44(0)1514960431,B0087,hospital_b
Mohamed,Marsden,1968-10-13,SP2 5NY,East Kathryn,gmason@example.com,+44(0)114 4960612,B0088,hospital_b
Bradley,Jones,2003-08-07,M6 7LP,caroleshire,,0118 496 0017,B0089,hospital_b
Mohammad,Walsh,1985-05-14,TD4Y 4QZ,East Aaron,vgould@example.net,+44(0)1314960687,B0090,hospital_b
Sahnnon,Robrets,1995-07-21,E87 1YE,Port Lorrainehaven,marionwilkinson@example.org,+44(0)1214960871,B0091,hospital_b
Gail,Martin,1977-11-08,W0 2WS,Mooreside,tdavies@example.net,(0113)4960640,B0092,hospital_b
Charlie,Whitehead,1938-08-03,SN1 1UB,Michelleburgh,jemmastewart@example.net,+44(0)1414960567,B0093,hospital_b
Gemma,Patel,1985-02-14,WR8E 1GX,Hillbury,daveyjoel@example.com,(029) 2018868,B0094,hospital_b
Jessica,Wset,1953-05-08,CV4 1BS,East Russellland,wrightkatie@example.net,(029) 2018030,B0095,hospital_b
Joanne,Williams,1974-09-08,G8 3YP,frankport,irenebishop@example.com,,B0096,hospital_b
Marie,Shaw,2001-10-30,SK6V 0QR,Bethanchester,yburrows@example.org,0306 9990873,B0097,hospital_b
Eric,Hodgson,1986-12-08,BN86 8WF,Smithborough,eileen17@example.com,+44(0)1144960830,B0098,hospital_b
Shane,Fisher,1991-11-24,LL85 4QW,Hallfort,dennis55@example.com,+44(0)1134960932,B0099,hospital_b
Andrew,Smiht,2003-07-10,S4C 5JR,south georgina,douglas77@example.com,+44116 4960522,B0100,hospital_b
Janice,Jones,2002-03-21,B8A 0AS,Port Harriet,josephgoddard@example.org,+44117 4960875,B0101,hospital_b
Darren,Richards,1983-12-16,W7A 8XS,North Melanieview,andrew86@example.org,(0115) 496 0182,B0102,hospital_b
Cameron,Lucas,1973-09-18,FK65RT,Lake Eric,,+44141 4960668,B0103,hospital_b
Antnoy,Murray,1958-03-29,G61 2YJ,Daviesside,jacqueline21@example.net,+44(0)1632 960501,B0104,hospital_b
Amanda,Barnes,1940-10-30,S5A 7UJ,Andreafurt,lskinner@example.net,0141 4960194,B0105,hospital_b
Louis,Ewdards,1941-04-09,S265ED,West Louisestad,,,B0106,hospital_b
Sally,Miles,1937-03-14,NR1 6AN,Cooperland,alexandrareynolds@example.net,0141 4960224,B0107,hospital_b
Josh,Phlilips,1945-12-08,S46 7DQ,Louisfort,claredean@example.com,,B0108,hospital_b
Jessica,Roberts,1959-05-04,KY94PZ,South Terry,patriciamorgan@example.com,+441632960793,B0109,hospital_b
Victor,Patel,1994-11-21,HX19 9XG,Lake Bethanyborough,sroberts@example.org,(0808)1570672,B0110,hospital_b
Ashleigh,Stokes,1953-09-23,S61 9UY,Wilkinsonchester,jamesrebecca@example.net,(0808) 157 0891,B0111,hospital_b
Raymond,Hilotn,1983-04-16,DA9 9RP,Whitehouseville,ross88@example.net,(020) 74960937,B0112,hospital_b
Jennifer,Atkinson,1968-04-24,M0 0PE,Lake Norman,lynnwalsh@example.net,0151 4960736,B0113,hospital_b
Harrite,Gallagher,1982-01-14,IV09 7YS,Burgessborough,rickymitchell@example.org,(020) 7496 0182,B0114,hospital_b
Claire,Rsoe,1968-09-07,SG7 9RZ,Foxstad,clare92@example.net,01632 960 499,B0115,hospital_b
Graham,Davies,1958-02-22,M12 2WR,Andersonshire,fdavison@example.net,(0191)4960282,B0116,hospital_b
Wendy,Barber,1948-12-09,PR05 7FH,Robsonhaven,fhanson@example.com,01632 960772,B0117,hospital_b
Jake,Armstrong,1993-05-20,M04 8NG,Armstrongfort,allenmax@example.net,+44808 157 0580,B0118,hospital_b
Chleo,aKur,2007-07-16,L4 7LQ,South Terencebury,joanconway@example.net,028 9018 0629,B0119,hospital_b
Bradley,McKenzie,1994-09-02,N8 9XG,Geraldineport,marion48@example.net,(0808) 1570126,B0120,hospital_b
Darren,Chambesr,1998-07-30,G323RU,New Julia,teresa66@example.com,,B0121,hospital_b
Ricky,Graner,1999-04-30,LU59 1TQ,Port Eleanorfurt,annewest@example.com,+441184960545,B0122,hospital_b
Lorraine,Whitehead,1976-08-11,TN50 1TA,Port Charlesmouth,bsavage@example.org,+44292018242,B0123,hospital_b
eHnry,Green,1961-08-05,N2 6NJ,Lynchville,dobsonmartin@example.org,+4420 74960387,B0124,hospital_b
Jonh,Bailey,1960-05-13,S2 1JR,Lake Timothyville,laura42@example.com,,B0125,hospital_b
eMlanie,Moore,1979-11-02,W53 6ZT,North Oliver,harrywright@example.com,(0131)4960652,B0126,hospital_b
Louis,White,1941-06-07,M0W 3WZ,Lake Deborah,,01414960137,B0127,hospital_b
Kim,Wright,1973-11-06,N5 6YS,Janiceburgh,xwatson@example.org,(0113) 4960910,B0128,hospital_b
Marcus,Stevens,2002-08-19,MK48 6RD,West Jake,,(0191)4960569,B0129,hospital_b
Ashleigh,Millre,1982-09-21,BR4Y 3BJ,South Connormouth,gordonsylvia@example.net,+441164960102,B0130,hospital_b
Rita,Brown,1971-07-10,NE8 2QF,terencetown,anne48@example.org,+44118 4960917,B0131,hospital_b
aCroline,Lewis,1939-05-01,G5C 1YE,Lake Natasha,thomasjames@example.org,,B0132,hospital_b
Brian,Hawkins,1998-07-03,HG1 0QH,Lynneport,gillianchan@example.com,,B0133,hospital_b
Derek,Bailey,1965-03-20,N05 6NE,New Frank,dhughes@example.org,01632960410,B0134,hospital_b
Dale,Bartlett,1973-03-23,YO5R 9EW,Lake Lisa,wrightbenjamin@example.com,029 2018234,B0135,hospital_b
Elliot,Barton,2002-11-19,SN55 4JD,East Fiona,bryanroger@example.com,+44(0)1514960561,B0136,hospital_b
Paula,Evans,1991-07-09,HA74 1GN,East Tobyberg,ellissusan@example.com,+44(0)1614960044,B0137,hospital_b
Clive,Holland,1964-10-20,NW837EF,North Benjaminbury,joewest@example.com,+4429 2018199,B0138,hospital_b
Garry,Bell,1940-10-03,L7 1PE,South Adamburgh,zfuller@example.com,+44113 4960662,B0139,hospital_b
Owen,Stevens,1948-12-11,LD29ZZ,Lake Bryan,jali@example.com,(0114) 496 0146,B0140,hospital_b
Ashley,Burton,1982-03-13,L8U 6QU,Wardshire,charlotte42@example.org,+44(0)121 496 0930,B0141,hospital_b
Leonard,Howard,2007-09-01,N9D 1JJ,Eleanorton,beverleybaker@example.com,+44131 496 0223,B0142,hospital_b
Jenna,Stephens,1989-03-01,PE0 9YF,Port Valerie,clive70@example.org,,B0143,hospital_b
Michael,Hill,1935-05-02,L2F 5BA,New Geraldine,jamiebaker@example.com,+44114 496 0569,B0144,hospital_b
Oliver,Holt,1958-10-31,S75 8ZQ,Lake Joan,gemmaparkes@example.net,(0121) 496 0220,B0145,hospital_b
Rita,Wells,1963-11-14,B2K 9JY,South Patrickmouth,,+4428 9018 0157,B0146,hospital_b
Mark,Pritchrad,1953-07-01,N40BR,Hopeburgh,yhughes@example.com,,B0147,hospital_b
Melissa,Horton,1985-06-12,W10 0PL,North Glennburgh,ewalsh@example.net,+44(0)1144960599,B0148,hospital_b
Pamela,Campbell,1966-10-08,DA9P 0EP,East Michelle,irene44@example.org,0115 496 0069,B0149,hospital_b
Georgina,Gray,1946-06-30,AB6 4ZU,North Richard,ronalddawson@example.org,,B0150,hospital_b
eMgan,Jones,1983-07-16,S2 6QG,Thomasmouth,rsmith@example.net,,B0151,hospital_b
Aimee,Wrad,1974-10-23,L8A 8SX,Allenbury,,+441134960898,B0152,hospital_b
Alexnadra,Davies,1980-07-24,W2 3HF,South Jasonchester,teresakennedy@example.net,+44118 496 0511,B0153,hospital_b
Christine,Brwon,1994-12-14,HA4 1JF,Angelamouth,helen91@example.org,(0151)4960367,B0154,hospital_b
Gerogia,aTylor,1995-03-21,G1E 2WY,East Alexborough,smithcaroline@example.org,+441314960345,B0155,hospital_b
Gillian,Lowe,1981-09-01,B3 7ZT,Port Elaine,leigh24@example.net,+448081570140,B0156,hospital_b
Emma,Parker,1997-08-12,L33 6WA,South Wayneburgh,wilsontina@example.com,01632960466,B0157,hospital_b
Elliot,Lynch,2004-10-17,GU3E 0ZR,Gailberg,lynchbryan@example.com,+44(0)1414960660,B0158,hospital_b
Carole,Walters,1977-01-15,N38 5WN,Port Sylvia,billygibson@example.org,+44(0)1632 960 482,B0159,hospital_b
Gail,Lyons,1983-01-21,N34 5QL,Gillianville,ocollier@example.net,,B0160,hospital_b
Gordon,Knight,1998-08-11,NG46 2FH,Michelleshire,,+44306 9990175,B0161,hospital_b
Julia,Soctt,1958-02-28,B7 3GY,South Craig,jaynewilliams@example.com,+44141 4960676,B0162,hospital_b
Christopher,Thomas,1949-11-03,AL5 0AJ,Lake Leigh,,+4420 7496 0421,B0163,hospital_b
Jordan,Burns,1956-07-06,NE9V6FP,Evansborough,sophiebrown@example.org,+441632 960 230,B0164,hospital_b
Joan,oPllard,1944-04-09,SA0P 8ZB,Lake Raymondtown,marshallhelen@example.com,0141 4960184,B0165,hospital_b
Elanie,Campbell,1950-04-14,RG0M 1WL,South Stuart,,01174960934,B0166,hospital_b
Zoe,Smipson,1961-05-30,GY20 3UP,North James,walkermarion@example.net,+44161 496 0218,B0167,hospital_b
Ahsley,Adams,1947-09-24,YO7 1QP,North Joanne,rhunt@example.com,+44292018762,B0168,hospital_b
Philip,Smith,1958-03-22,WR8Y5WW,south irenebury,rward@example.net,01414960289,B0169,hospital_b
Alexander,Brown,2003-06-30,W7W 1UP,West Ricky,,0141 496 0631,B0170,hospital_b
Kelly,Williams,1977-02-11,W7 1UA,South Amyton,,+4428 9018488,B0171,hospital_b
Russell,Waters,1968-08-02,HX0 7PX,Edwardsstad,,+441174960055,B0172,hospital_b
Ashleigh,Arnold,1956-08-06,N1A 7FS,West Kathrynborough,trevorbegum@example.com,,B0173,hospital_b
Raymond,Peacock,1938-09-04,WC9B 7YW,South Christopher,fisherann@example.net,,B0174,hospital_b
Rita,French,1958-03-14,NR3H 9NQ,Lake Francesca,stephaniefreeman@example.net,+44(0)121 4960158,B0175,hospital_b
Hollie,Leonrad,1950-03-05,B5W 1ZX,Lake Eileen,ysmith@example.net,0121 4960066,B0176,hospital_b
Heeln,Andrews,2006-07-09,NR0 4HZ,Burkestad,gordonharris@example.org,+4429 2018 0122,B0177,hospital_b
Katherine,Baldwin,1938-04-01,NW4 2YL,West Natalieberg,dyerbrandon@example.net,0114 4960947,B0178,hospital_b
Marion,Walton,1940-08-08,HD8H 8DW,South Paige,ogreen@example.org,029 2018555,B0179,hospital_b
Billy,Lloyd,1990-03-24,W8W 1QT,Lake Jayne,,,B0180,hospital_b
Sheila,Wood,1937-01-31,N8U 7BN,West Katherine,wellsmohammed@example.net,,B0181,hospital_b
Vanessa,Johnson,1950-11-05,KW1H 1FA,Edwardston,fordantony@example.com,+44(0)191 4960193,B0182,hospital_b
Garry,Miles,1968-03-19,KY50 1XA,Port Fionaton,evansstephanie@example.org,01214960491,B0183,hospital_b
Larwence,Miller,1967-03-27,UB078JF,Robertsside,ashleigh24@example.net,+44(0)9098790508,B0184,hospital_b
Suzanne,Dale,1938-05-01,S8J 4HQ,South Leah,,+44(0)808 157 0431,B0185,hospital_b
Elliott,Jones,1959-04-03,HA9E 5SG,West Louisbury,xwhite@example.org,(029)2018577,B0186,hospital_b
Carol,Hilotn,1950-10-25,M8 2QR,Port Joan,,+44(0)1144960658,B0187,hospital_b
Makr,Adams,1997-03-09,G8C2GY,Lake Pamela,simon37@example.org,(0114) 4960453,B0188,hospital_b
Lkue,King,1973-02-01,IP7 0BP,Lake Mariaview,rosemary89@example.org,0141 496 0659,B0189,hospital_b
Hilary,Suttno,1940-12-18,IM3 5QU,shahtown,chloethompson@example.org,+44(0)1614960432,B0190,hospital_b
Christian,Fraser,1979-03-26,L6 1UU,Kellyburgh,cbrown@example.org,02074960922,B0191,hospital_b
Harriet,Lewsi,2000-04-24,B248RZ,Lake Ireneport,brennanlynda@example.com,+44909 879 0723,B0192,hospital_b
Vicotria,Foster,1993-04-16,M25 9YD,South Emma,raymondbrown@example.net,(0909) 8790862,B0193,hospital_b
Margaret,Dodd,1994-01-08,OX1P 4UJ,West Juneside,asmith@example.net,+44(0)1632 960098,B0194,hospital_b
Teernce,Reynolds,1962-08-29,N65 2SY,Elliotside,narmstrong@example.com,,B0195,hospital_b
Lynn,Leonard,1970-07-03,NW8 4NY,Dianafurt,katybaldwin@example.org,+44151 496 0213,B0196,hospital_b
Natasha,Matthews,1959-12-28,B2G1FU,Nicholsonview,laurenfrancis@example.org,(01632)960669,B0197,hospital_b
Abbie,Reyonlds,1987-03-26,B2S7AH,gordonton,jaynethompson@example.org,,B0198,hospital_b
Nicholas,Turner,1992-03-14,SG6 9HW,Lake Geraldineland,,,B0199,hospital_b
Lynda,Robson,1968-06-24,OX04 6WE,New Billymouth,,(0808) 1570947,B0200,hospital_b
John,Harrisno,1954-07-04,CA6 1XG,Sinclairborough,justin37@example.net,(0117) 496 0334,B0201,hospital_b
Justin,Robinson,2002-02-25,IV3 0WS,Singhton,lisa27@example.org,+44(0)29 2018875,B0202,hospital_b
Charlene,Bailye,1984-06-29,PA15 9LG,Frankview,vhayward@example.com,+44(0)1164960763,B0203,hospital_b
Samantah,Harrison,1962-06-18,FY72 9JE,Damianside,mbaxter@example.org,,B0204,hospital_b
Edward,Oliver,1945-02-05,NE8Y7NL,South Nigelburgh,stevensconor@example.com,,B0205,hospital_b
Elliot,Evans,1976-03-10,HS0 1QZ,New Beverley,glenevans@example.net,+44(0)161 4960771,B0206,hospital_b
Maragret,Osborne,1969-02-19,G561DG,Julianmouth,hilary44@example.net,+44(0)28 9018 0647,B0207,hospital_b
Linda,Morrsi,1973-04-24,KA222JL,East Mohammedfurt,greenelaine@example.net,0114 4960068,B0208,hospital_b
Sheila,Hudson,1975-04-30,G99 9SW,Denisfort,craigwilliams@example.com,,B0209,hospital_b
Frederick,Humphries,1989-02-03,WA63 1SJ,Glenside,amy31@example.org,+44(0)115 4960417,B0210,hospital_b
Marian,Price,1986-06-02,DG50 0XA,North Lawrence,,+44(0)1144960207,B0211,hospital_b
Charlie,Cook,1958-01-10,IG70 1FB,Deborahland,qclayton@example.com,+448081570013,B0212,hospital_b
Emma,Vaughan,1967-08-15,BD3R 8HU,Daviesport,sam08@example.net,+44115 4960474,B0213,hospital_b
oJe,vEans,1939-01-31,DN1H 5AG,Fionaville,apearson@example.org,,B0214,hospital_b
Christine,Welch,1953-06-09,CA95 0QF,East Hollybury,nicole57@example.net,0117 4960065,B0215,hospital_b
Aaron,Simth,1938-03-01,LA8M 3YG,Brandonmouth,june82@example.org,,B0216,hospital_b
Lawrecne,Stanlye,1982-01-26,E8 0FG,East Kennethfort,nigelhiggins@example.net,,B0217,hospital_b
Sara,Harrison,1953-12-19,DT9 0HU,South Ruthton,nicole65@example.net,01144960948,B0218,hospital_b
Simon,Hunter,1996-03-13,L8 1JX,Barretthaven,,,B0219,hospital_b
Kmi,Allen,1984-07-09,SG6B 2XR,Sylviaburgh,umcdonald@example.net,+44(0)1214960566,B0220,hospital_b
Brandon,Jenkins,1976-05-23,S84 7TR,Lake Joshuaport,westonjosh@example.org,(0121) 4960335,B0221,hospital_b
Daniel,Vaughan,2004-02-24,NR8 1BT,Deanberg,,(0118)4960419,B0222,hospital_b
Tracey,Pearce,1951-02-26,N7 7YE,Ianshire,dferguson@example.com,(0131)4960661,B0223,hospital_b
Julian,Morris,1997-04-18,S0 8BP,West Stephanie,carlbentley@example.net,(0141) 4960799,B0224,hospital_b
Leanne,Green,1966-10-25,CT25 7YB,Smithfurt,igriffin@example.org,(0161) 496 0837,B0225,hospital_b
Hannah,Riley,1949-08-06,L3B 6PY,North Vanessachester,mowen@example.com,(0131) 4960904,B0226,hospital_b
Leslie,Scott,1980-04-07,PR27 3HQ,Port Graham,coxnorman@example.net,0116 4960405,B0227,hospital_b
nAnette,Roberts,1957-07-22,BA533XW,Lorrainefort,annetteharrison@example.org,0141 496 0980,B0228,hospital_b
Conor,Thompson,1956-01-06,PR4A 0DR,Cherylstad,brownfrancesca@example.com,+44(0)1174960681,B0229,hospital_b
Gyu,Jones,1978-11-15,G38AB,New Stewart,wendy62@example.org,(0131) 4960554,B0230,hospital_b
Damian,Turner,2006-09-21,TS06AX,ericberg,lisa21@example.net,0141 4960893,B0231,hospital_b
Hleen,Smith,1946-06-07,PL5 8FH,New Joanna,ashleyherbert@example.net,01914960262,B0232,hospital_b
Abbie,Bgeum,2002-03-26,BR8 2PF,Port Stanleychester,vstokes@example.net,+44(0)1632 960 423,B0233,hospital_b
Kenneth,Clarke,1937-03-12,M9K 9JJ,West Jasonfort,stephaniebaker@example.com,01632960526,B0234,hospital_b
Abigail,Jnoes,1947-03-29,B60 6JH,North Edward,ftaylor@example.net,+44(0)1214960736,B0235,hospital_b
Carol,Russell,1979-08-30,SR56 8ET,Masonton,maureenpowell@example.net,+44(0)113 4960868,B0236,hospital_b
Hrariet,Hunt,1949-02-21,IV44 2SN,Lake Georgiaberg,cburke@example.org,(01632) 960812,B0237,hospital_b
Foina,Cross,1986-02-06,S650GT,South George,,(0115)4960751,B0238,hospital_b
Judith,Goddard,1988-05-06,G6J 0GP,East Jacob,leeburton@example.com,+441632 960 742,B0239,hospital_b
Terence,Sutton,2005-05-25,M0 7UX,New Valeriebury,,+441414960719,B0240,hospital_b
Grace,Bailey,1999-09-07,PR8 0GF,Lake Damienton,ryanking@example.net,(0121) 4960510,B0241,hospital_b
Raymond,Fletcher,1948-04-17,GL9X 7YQ,North Cliffordmouth,jessica16@example.net,(0114) 4960472,B0242,hospital_b
Adrian,Garner,1955-04-26,S8D 9BE,South Charleneport,ujenkins@example.com,,B0243,hospital_b
Callmu,Flynn,1971-07-09,RG7R 9JN,North Terence,hallterence@example.net,,B0244,hospital_b
Amy,Thomas,1960-10-22,DN0X 4LD,Cliffordhaven,,,B0245,hospital_b
Jack,Martin,1985-04-28,BR2 0PR,New Lynda,hkay@example.com,,B0246,hospital_b
mAy,Hpokins,1999-04-23,LD4 8NG,West Ianborough,williamspeter@example.com,+441614960235,B0247,hospital_b
Pamela,Hope,1973-07-05,CT1 3BT,Edwardshaven,burgesssamuel@example.net,0909 8790915,B0248,hospital_b
Jade,Gregory,1942-10-23,SW4A 3PH,West Martyn,chloe14@example.org,(0116) 4960410,B0249,hospital_b
Brenda,Moore,1942-10-03,N8F2NY,East Steven,molly58@example.com,,B0250,hospital_b
Frances,Bentley,1963-04-15,S6 9YT,Graememouth,vanessalaw@example.org,0306 9990792,B0251,hospital_b
Colin,Cartwright,2002-06-03,CB74 7JJ,Port Amber,julie62@example.net,0292018557,B0252,hospital_b
Stacey,Hall,1978-05-24,L826DP,Port Annette,,+44(0)306 999 0583,B0253,hospital_b
Kyel,Adams,1940-12-19,OX7B 5XE,Noblefurt,andersonlydia@example.net,,B0254,hospital_b
Leah,Knowles,1941-11-21,B22 8NR,Chapmanmouth,shirley46@example.net,,B0255,hospital_b
Molly,Fleming,1964-10-15,M05 0XQ,port lawrencetown,anncampbell@example.com,(028) 9018566,B0256,hospital_b
Margaert,Williams,1950-09-13,W23 5SF,Vanessaberg,markhammond@example.org,0116 496 0762,B0257,hospital_b
Victoria,eBnnett,1977-05-10,B9 5EY,Huntland,kerryrobinson@example.com,,B0258,hospital_b
Kathryn,Nicohlson,1969-10-09,SE1X 9BP,South Sandrahaven,vallen@example.com,+44131 496 0442,B0259,hospital_b
lAan,Booth,1978-11-29,SS9 0UY,New Lee,sara04@example.com,,B0260,hospital_b
Ricky,Smtih,1980-03-27,WF4 1ZG,lake katie,clive43@example.com,+44(0)116 4960805,B0261,hospital_b
Graham,Morgan,1978-10-04,W66 7GH,Alexanderview,barnettgillian@example.com,0161 4960478,B0262,hospital_b
Albert,Dixon,1993-11-07,SA97JY,new tom,terryfrench@example.net,01134960106,B0263,hospital_b
Nigel,Whittaker,1985-04-29,DT4 3BA,north marilynborough,walterstrevor@example.org,(0909) 879 0926,B0264,hospital_b
Sylvia,Miller,1982-07-31,E24 7DT,Rachelmouth,shaun14@example.org,0141 4960650,B0265,hospital_b
Garry,Andrews,1954-08-09,BR73 2UE,New Sharon,jaynegraham@example.com,(01632) 960 410,B0266,hospital_b
Laim,Bruce,1988-05-24,BA72 0RL,Lake Hugh,gallen@example.net,(0306)9990776,B0267,hospital_b
Sophie,Watts,1992-04-16,L07EY,Brettport,,+44(0)131 496 0851,B0268,hospital_b
Klely,Carter,1956-06-13,G80 3NR,Lake Charlenestad,,+441632960320,B0269,hospital_b
lAex,Payne,2008-01-08,W61 7XT,North Declanton,luke61@example.org,08081570878,B0270,hospital_b
Ronald,Lee,1939-12-14,E71HS,Josephinefurt,trevor98@example.org,+44(0)121 4960309,B0271,hospital_b
Kyle,Goodwin,1944-02-05,S25 7JY,East Oliverfurt,andrewshaw@example.org,0113 4960021,B0272,hospital_b
Christopher,Bevan,1949-04-16,E9F7HL,east nathanberg,kstephenson@example.net,+44(0)1134960054,B0273,hospital_b
Rhys,Williams,1959-09-08,BH10 2AU,North Damianmouth,samantha35@example.org,+44306 9990153,B0274,hospital_b
iNgel,Smith,1965-05-27,S31 9UB,Dalymouth,charlottepatel@example.com,(01632) 960354,B0275,hospital_b
Reece,Godowin,1937-08-16,B4C 7TS,Port Glenn,bryangibbs@example.net,028 9018 0298,B0276,hospital_b
Helen,Robinson,1938-03-17,SS80 8RU,South Oliviabury,dohertyjames@example.net,+441632 960632,B0277,hospital_b
Sarah,Doyle,1982-07-24,B7 2TY,South Gillianberg,,+44(0)151 4960016,B0278,hospital_b
Hollie,Ross,1937-09-02,SY49 1ZP,new francesstad,griffithsclaire@example.com,0289018055,B0279,hospital_b
Clive,Miah,1986-09-27,L2F 8EU,Port Eric,jay48@example.net,0151 496 0401,B0280,hospital_b
Christine,Wadr,1970-10-11,E7T7ZQ,East Clareland,,+44114 4960124,B0281,hospital_b
Nathan,Hrarison,1971-07-08,B46 7QS,Rahmantown,,+44(0)808 157 0856,B0282,hospital_b
Rosemary,Ward,1982-06-12,LU9 7NY,Port Stewart,elliotwilson@example.com,0121 4960025,B0283,hospital_b
Glen,Murphy,1947-06-05,M22 2JE,West Beverleyberg,lsmith@example.org,+44(0)1914960055,B0284,hospital_b
Sean,Patel,1974-09-11,M10 7FT,Deantown,eileen47@example.com,0306 9990929,B0285,hospital_b
Angela,Cook,1943-06-25,ZE02 4AR,South Susan,rosetina@example.net,0117 4960983,B0286,hospital_b
Mohammad,Stewart,1999-02-09,L7 7NG,Briggschester,,(0117)4960478,B0287,hospital_b
Valerie,Turenr,1940-02-26,HX9R 4UE,Sallyshire,bradyben@example.net,01144960257,B0288,hospital_b
Hzael,Kirk,1947-03-16,HX60NN,New Gordonburgh,andersonmohammed@example.net,+44(0)121 4960544,B0289,hospital_b
Lydia,Harrison,1961-09-30,N2A 8NQ,Aliburgh,lloydstephanie@example.org,+448081570389,B0290,hospital_b
Matthew,Morris,1943-12-10,G34 3FD,Marshallville,brownpamela@example.com,,B0291,hospital_b
Kayt,Lewsi,1939-08-11,M0 4AE,New Russellshire,jeffreydavies@example.org,+44(0)1144960249,B0292,hospital_b
Damien,Parsons,1997-09-16,PO3V 1YA,Lake Alex,ronald80@example.net,,B0293,hospital_b
Claire,Harrison,1948-10-18,CF2N 6HW,south nathan,harry71@example.net,+44(0)115 4960754,B0294,hospital_b
Nicole,Wodo,1941-04-15,CH64 9NT,New Jane,anne31@example.com,(029)2018520,B0295,hospital_b
Frances,Hughes,1942-12-17,NE11 6RY,Lake Leslieland,,0909 879 0613,B0296,hospital_b
Diane,Wood,1955-08-13,TD9W 6QU,Scotthaven,sean71@example.org,(0118) 4960773,B0297,hospital_b
Teresa,Hewitt,1937-06-14,BL1R 2RZ,Carlport,carterirene@example.net,(0306) 9990773,B0298,hospital_b
Billy,Adams,1971-01-27,NP50SE,Powerfurt,cnicholls@example.org,+44(0)191 4960427,B0299,hospital_b
Sharon,Macdonald,1987-07-14,TA19 8XY,Jonesburgh,,0141 496 0954,B0300,hospital_b
Danny,Long,1978-05-22,N595RE,Wardstad,qparsons@example.org,,B0301,hospital_b
Graham,Walker,1940-01-24,CH5 0XP,South Sylviachester,sphillips@example.com,+4420 7496 0056,B0302,hospital_b
Alxeandra,Black,1977-01-29,CB35 8PG,Juliechester,,+44(0)8081570834,B0303,hospital_b
Arthur,Parker,2008-01-04,TR39 9EY,Abdulland,wpugh@example.org,+44(0)28 9018484,B0304,hospital_b
Ann,Aadms,1958-02-27,JE49 8GA,new dawn,,,B0305,hospital_b
Tarcy,McDonald,1988-04-29,L52JF,Tracychester,philip36@example.com,,B0306,hospital_b
oJyce,Fostre,1964-11-29,G3 3NT,Moorechester,cwillis@example.org,(0116) 4960420,B0307,hospital_b
Garry,Pearson,1955-07-24,G0T 0BD,Mandyport,hutchinsonjane@example.com,(029) 2018 0162,B0308,hospital_b
Damian,Clark,1988-11-25,M7 3ZE,Hughshire,vnelson@example.org,0151 496 0321,B0309,hospital_b
Michael,Berry,2001-05-14,B3 8RN,Lydiaville,angelamccarthy@example.com,,B0310,hospital_b
Joel,Kelly,2000-04-09,RG56 4DU,Prattmouth,,,B0311,hospital_b
Jay,Burton,1988-07-08,N7T 0GT,North Joanne,teresarogers@example.net,+44(0)114 496 0123,B0312,hospital_b
Georgia,Edwarsd,1991-04-27,TA2W5TU,West Kyle,lawrence31@example.com,+44(0)131 4960266,B0313,hospital_b
Alexadnra,Wilson,2004-06-30,L1H 4GB,Richardsview,craighayward@example.org,020 74960108,B0314,hospital_b
Tracy,Griffin,2003-01-18,ME1H 3LN,Palmerchester,gracestevens@example.com,+441632 960 362,B0315,hospital_b
Jodei,Smith,1942-03-28,B5 7QZ,North Howardhaven,zstokes@example.net,,B0316,hospital_b
Kimberley,Gardner,1947-09-07,HR72 5WS,West Connor,,+44(0)1632960564,B0317,hospital_b
Marcus,Osborne,1990-11-17,NE5 2PU,New Sylvia,jmanning@example.org,+44(0)117 4960207,B0318,hospital_b
Lynne,Ball,1978-01-14,B8U6DJ,Daviesmouth,kirbygail@example.org,(0141) 4960591,B0319,hospital_b
Brandon,Deyr,1941-03-14,SE7R 9AP,Lake Brendamouth,shirley23@example.org,0808 1570450,B0320,hospital_b
Steven,Kaur,1979-04-02,S4 3RD,Port Gavinburgh,,,B0321,hospital_b
Janye,Birch,1981-04-28,B8 7JF,Hillhaven,harrisamanda@example.org,0808 1570742,B0322,hospital_b
Scott,Richardson,1957-03-19,S49 8DB,New Dianechester,hallshirley@example.com,+44131 496 0491,B0323,hospital_b
Stephanie,Brown,1989-05-05,DD261SN,katemouth,qjohnson@example.com,,B0324,hospital_b
Jason,Morris,1979-05-19,CF6V 0RE,East Abbiefort,qmarshall@example.net,,B0325,hospital_b
Harriet,Baker,1966-10-21,WD79 0UR,Lewisfort,,,B0326,hospital_b
Max,Lawrence,1965-09-25,CH79 7SA,West Alex,oward@example.net,+441174960959,B0327,hospital_b
Sylvia,Jones,1999-10-03,SP6P 7GZ,West Hollie,kingcallum@example.org,(0117) 496 0297,B0328,hospital_b
Oliver,James,2004-02-16,GU33 0QL,Sianburgh,stephaniehiggins@example.org,01314960619,B0329,hospital_b
Julian,O'Neill,1951-08-23,HR5 8LF,Lake Adammouth,whunt@example.org,(0115) 496 0991,B0330,hospital_b
Thomsa,Smith,1994-05-09,GL8 1LQ,Evansbury,melanieoliver@example.org,+44(0)1154960666,B0331,hospital_b
Clare,Watson,1972-12-17,HX0R 0WD,West Guyfurt,tracylong@example.org,029 2018290,B0332,hospital_b
Julia,Robinsno,1993-08-13,M6G 5QA,Debraberg,nwilliams@example.net,(028) 9018 0975,B0333,hospital_b
Francesca,Gibbons,1949-09-07,BT0 6FW,Allanland,maria52@example.org,,B0334,hospital_b
Anna,Edwards,2003-09-22,NN9H 4NY,Lake Gemma,stuartmills@example.net,,B0335,hospital_b
Sean,Ellis,1995-10-05,E0 2UH,Fergusonhaven,hfox@example.com,,B0336,hospital_b
Heather,Davisno,1967-05-30,SS62 8FU,Clarkehaven,garnercaroline@example.com,+441134960285,B0337,hospital_b
Terence,Foster,1965-02-10,N9 0WF,West Stewartstad,billy70@example.org,0116 496 0960,B0338,hospital_b
Stewart,Gregory,1951-01-08,LU0B 1BS,Allenshire,,0161 4960922,B0339,hospital_b
Leanne,Woods,1990-11-20,LD2Y 1ZZ,Cooperfurt,sheila07@example.net,,B0340,hospital_b
Alexandra,Yaets,1991-08-11,NW1 3ZX,New Zoeborough,bkerr@example.org,029 2018 0820,B0341,hospital_b
Hnery,Fitzgerald,1953-03-10,WC9R 8ZP,Foxfort,cookjeremy@example.com,+44113 496 0856,B0342,hospital_b
Douglas,Green,2006-10-23,G4C 4DF,Janeburgh,flynnvictor@example.org,,B0343,hospital_b
Gary,Jones,1965-01-11,B48 3XF,Kirstychester,oshort@example.net,,B0344,hospital_b
Leslie,Gill,1974-07-10,NW70 7ZN,North Darren,qrobertson@example.net,0141 4960539,B0345,hospital_b
Denise,Wihte,1947-01-25,E4B 1FX,Annborough,jill54@example.net,+44151 4960435,B0346,hospital_b
Maruice,Klely,2005-04-16,BA2 9UA,Lake Kylechester,icarter@example.org,+44(0)306 999 0180,B0347,hospital_b
George,Warren,1980-12-04,DT3R 0LU,North Dominic,,+441614960728,B0348,hospital_b
Gordon,Knowles,1976-07-31,PL9E 9FD,West Shirley,zoebriggs@example.com,0117 4960089,B0349,hospital_b
Howard,Daveis,1999-10-02,S0 6SL,Lake Maureenmouth,wevans@example.org,,B0350,hospital_b
Emliy,Kent,1958-05-15,DG51 3SD,East Roger,,01614960609,B0351,hospital_b
Kayleigh,Hudson,1996-08-22,E73 0PW,North Grace,omiller@example.com,,B0352,hospital_b
Joshua,Patel,2000-04-05,BR2A 0NZ,Collinston,harrismargaret@example.com,0115 496 0963,B0353,hospital_b
June,Greenwood,1980-11-01,IP76 5AT,kateborough,webbmarilyn@example.net,(0114)4960939,B0354,hospital_b
Malcolm,Todd,1953-12-28,LS97 3FB,East Graemeshire,plewis@example.com,+44121 4960982,B0355,hospital_b
Sean,Jones,1979-04-30,IG0 0JW,south leighborough,ruthwalker@example.org,,B0356,hospital_b
Grace,Marshall,1997-06-24,N9E5GE,Hawkinston,alloyd@example.net,+44(0)117 496 0379,B0357,hospital_b
Allan,Smith,1988-11-28,TS6 6GA,Markland,robert81@example.org,,B0358,hospital_b
Rebecca,Thmoas,1937-06-13,M23 2PX,East Dominic,noblemarcus@example.org,(0113)4960261,B0359,hospital_b
Jordan,Miller,1978-02-27,M2F 0LF,Kellyland,njames@example.org,+44116 496 0868,B0360,hospital_b
Karen,Morley,1969-03-05,SP5 7UL,dawsonshire,martinreece@example.com,(0909) 8790363,B0361,hospital_b
Janice,Thorpe,1949-08-21,EN4 3ZF,johnport,,0306 9990078,B0362,hospital_b
Kieran,Taylor,1951-11-24,SW3R 8YX,Woodmouth,graham53@example.com,(0306)9990637,B0363,hospital_b
Barbara,Davis,1937-06-24,G40 5PJ,Pickeringfurt,victor90@example.net,,B0364,hospital_b
Mohamed,Pearce,1993-08-15,S6D 1XR,South Raymond,,,B0365,hospital_b
Deborha,Fraser,1943-05-14,S7T 6HF,West Ann,kwalsh@example.com,+4420 7496 0387,B0366,hospital_b
Deborah,Osborne,1994-05-31,S32 7RG,South Ameliaton,charlesrobertson@example.net,(0191)4960413,B0367,hospital_b
Valerie,Ali,1990-11-25,N1 8PS,O'Brienborough,hallliam@example.net,+44(0)29 2018 0765,B0368,hospital_b
Tracey,Davis,1964-03-28,M1 5TU,Townsendside,jenniferdavidson@example.com,+44(0)8081570220,B0369,hospital_b
Lynda,Spencer,1956-10-03,S2B 4FT,Antonyborough,lawrencestacey@example.org,(0151)4960081,B0370,hospital_b
Janet,Masrhall,1967-09-11,B0U3JQ,east george,oliverstephen@example.com,+44808 157 0313,B0371,hospital_b
Lewis,Roberts,1995-11-28,G06 5PX,New Gavin,hsingh@example.org,,B0372,hospital_b
Kyle,Brown,1983-01-10,S3 3DL,Samuelland,victoriaatkins@example.net,+44161 4960189,B0373,hospital_b
Ronald,Smith,1942-03-14,RG6 5GP,Townsendtown,opalmer@example.net,+44(0)1174960890,B0374,hospital_b
Donald,Brown,1990-09-08,M3 3ZD,East Karenfort,reece26@example.org,+44289018039,B0375,hospital_b
Louise,Cox,1959-04-12,HD0 4AJ,Glennbury,sheilacollier@example.net,(0118) 496 0396,B0376,hospital_b
Jade,Kemp,1987-12-19,S29 4NY,Morganborough,hayley15@example.com,0141 496 0277,B0377,hospital_b
Mary,oLwe,1988-12-07,W06 1NZ,New Clive,jessica74@example.com,0121 496 0689,B0378,hospital_b
Hayley,Hammodn,1945-04-04,DH23 0WQ,Gibbonschester,xcoates@example.com,(0161)4960491,B0379,hospital_b
Michelle,Young,2007-09-26,S9 3SL,Natashafort,bethan06@example.com,+441632960337,B0380,hospital_b
Joshua,Woodward,1961-08-31,SK0Y4ZT,West Louis,jamesclark@example.org,+44289018669,B0381,hospital_b
Jonathan,Joyce,1949-01-24,DA64 8XR,Victorialand,woodsleigh@example.org,+441184960364,B0382,hospital_b
Tohmas,Scott,1994-11-18,E1 8SN,Thompsonstad,,+44(0)116 4960817,B0383,hospital_b
Kirsty,Bradley,1948-10-31,G3 6TZ,Port Heatherburgh,harrisgemma@example.org,,B0384,hospital_b
Fiona,Henry,1970-09-14,B0 0YB,East Zoetown,wgibbs@example.com,(0161) 4960759,B0385,hospital_b
Anne,Holt,1985-01-22,HD3 6RZ,west mohamedville,murphyamelia@example.com,,B0386,hospital_b
Adrian,Taylor,1955-09-07,SY3N 9UW,Knowlestown,,+44(0)1214960739,B0387,hospital_b
Danielle,Matthwes,1980-01-02,N6 1RN,Lake Gareth,clarkenicholas@example.com,+44(0)808 157 0872,B0388,hospital_b
Katie,Nolan,1970-06-25,L3D 1ES,East Tobyfurt,gerald47@example.net,+44115 4960287,B0389,hospital_b
George,Coles,1959-07-30,E56 8SJ,West Connor,nicholas11@example.com,+44(0)1632 960 931,B0390,hospital_b
aHnnah,Baliey,1997-07-04,CT4 7TF,Jacobton,dylan81@example.com,0909 8790973,B0391,hospital_b
Olivia,Harris,2005-11-02,N2 3BG,Woodport,danielfrench@example.com,0151 496 0756,B0392,hospital_b
Deborah,Hammond,1988-05-03,SN3 1FP,Port Carolynport,kwaters@example.org,(0151)4960742,B0393,hospital_b
Rhys,Lloyd,1989-11-30,SA0N 2RS,North Lewis,elaine20@example.org,+44(0)1614960596,B0394,hospital_b
Kieran,Johnson,1964-10-10,E3 7NZ,Lake Nicola,hobbsfrancesca@example.com,+44(0)118 4960750,B0395,hospital_b
Trevor,Clark,1944-03-11,SG8H 9YY,Robertsonville,,,B0396,hospital_b
Malcolm,Gibson,1939-12-02,G6W 6XX,Collinsshire,,,B0397,hospital_b
Christopher,Duffy,1993-09-20,B2 2DX,Joshualand,lowejulie@example.net,+44116 4960603,B0398,hospital_b
Clifford,Parker,2004-04-29,SE8 2YU,Zoestad,charlenegibson@example.org,0118 496 0032,B0399,hospital_b
nAnette,Wilkisn,1950-02-27,SS4X 5YW,South Carl,tracy60@example.net,(0118) 496 0141,B0400,hospital_b
Setwart,Fox,1994-03-07,N9 8LZ,North Ronaldmouth,zfarrell@example.net,(029)2018889,B0401,hospital_b
Sophie,Jones,1944-08-05,G2 6YL,Lake Ruthstad,,+44(0)151 496 0275,B0402,hospital_b
Lynda,Patterson,1947-08-02,L2B 2WQ,south oliviafurt,karenmorgan@example.com,(029)2018381,B0403,hospital_b
Gregoyr,Burns,1956-09-17,B96 4WB,Lawrencefort,,0131 496 0451,B0404,hospital_b
Christohper,Stone,1988-01-08,HU01 7HD,South Harry,,(0118) 4960376,B0405,hospital_b
Karen,Burns,1966-07-21,M17 2FQ,Baileyborough,barrettsimon@example.org,,B0406,hospital_b
Shaun,King,2004-07-07,FK1P 8UF,Traceyhaven,gclarke@example.org,+441154960258,B0407,hospital_b
James,Perkins,1952-07-19,WA5P 6UN,Danielleland,jsmith@example.net,,B0408,hospital_b
Geoffrey,Taylro,2007-11-12,S37 8ZG,Port Marie,bernardoneill@example.com,+44(0)113 496 0432,B0409,hospital_b
Rcahel,Brown,1949-11-09,S6 3JP,Joneshaven,tgraham@example.org,+441184960545,B0410,hospital_b
Aimee,Brown,1975-07-25,N55 3LH,hopkinsville,harrietcox@example.org,+44(0)113 4960933,B0411,hospital_b
Geraldine,Williams,1942-06-26,N4T 3XF,East Alexchester,,(028)9018161,B0412,hospital_b
Pamela,Burton,2003-04-10,B2K 2NB,Port Annetteborough,ihughes@example.net,+44114 4960278,B0413,hospital_b
Jacqueline,Moore,1963-10-09,M3C 2YH,Port Sallymouth,leon34@example.net,+441184960812,B0414,hospital_b
rFancis,Thomas,1952-09-02,G4 4BJ,new connor,brooksjulia@example.net,+44(0)131 4960518,B0415,hospital_b
Russell,Warren,1951-05-23,DL9 2TJ,Connollyfort,hugheskelly@example.org,,B0416,hospital_b
Abigail,Curtis,1948-06-14,BA42RZ,North Gareth,pickeringsandra@example.net,+44141 4960182,B0417,hospital_b
James,Gibbs,1962-11-13,E0 2JD,Garethtown,andrewskenneth@example.net,+441632960513,B0418,hospital_b
Bradley,Jones,1976-05-15,TW24 7FJ,New Hazelview,brownsamuel@example.org,,B0419,hospital_b
Elizabeth,Sanders,2001-11-15,L6 2QN,Lake Jacqueline,hughesjamie@example.org,01154960451,B0420,hospital_b
Amber,Shepherd,1961-08-07,B9 2SW,Graceburgh,qhayes@example.net,(0121)4960945,B0421,hospital_b
Bernard,Cooper,1977-09-10,NG93 3QA,Port Andrew,nicole72@example.org,,B0422,hospital_b
Billy,Nicohlls,1996-04-04,S3D 0FE,South Richard,shyde@example.org,029 2018917,B0423,hospital_b
Marilyn,Taylor,1937-06-26,CT1 1AY,Burrowsburgh,vreid@example.net,+44(0)29 2018476,B0424,hospital_b
Tom,Williams,1982-05-11,M1 0BZ,New Shaun,frostmary@example.net,+449098790784,B0425,hospital_b
Aelxandra,Knight,1987-01-25,CW41 2HR,East Deborahburgh,,+441214960662,B0426,hospital_b
Reece,Dawson,1937-08-24,BT9 9UB,West Colinport,robinsonlawrence@example.com,+441614960356,B0427,hospital_b
uSsan,Simpson,1986-07-30,N68FA,Joneston,shaun27@example.org,+44(0)909 8790133,B0428,hospital_b
Lewis,Nelson,1945-09-10,NR1 1TP,West Shaun,whitejulie@example.com,+44(0)114 4960127,B0429,hospital_b
Barbara,Smith,1999-03-14,BH9X3XA,Port Stuart,nicola29@example.com,,B0430,hospital_b
Betahny,iKng,1960-10-03,RM87 1GE,Readborough,,+44(0)20 74960737,B0431,hospital_b
Geoffrey,White,1938-01-28,W23 9BZ,Farmerstad,nrobinson@example.org,+44117 496 0064,B0432,hospital_b
oHward,Woods,1941-05-20,M64TS,Lake Garry,alexandergreen@example.com,(0131) 496 0423,B0433,hospital_b
Damien,Howarth,1970-06-11,G6F 0XZ,North Dorothy,,,B0434,hospital_b
Gemma,Steevns,1950-08-06,B55 4NW,Lake Dawnmouth,wcraig@example.net,0151 4960851,B0435,hospital_b
Ashleigh,Wililams,1977-09-18,M6 3TX,Clarkfort,doddgillian@example.com,+44808 157 0605,B0436,hospital_b
rFancis,Buckley,1954-10-26,EX4P 0SB,North Carlstad,albert29@example.com,0118 4960863,B0437,hospital_b
Amber,Berry,1995-10-08,S2S 2RP,South Dale,ellismalcolm@example.net,+44115 496 0964,B0438,hospital_b
Andrea,Waslh,1958-10-26,E0 0YF,New Lindseyside,bradshawpeter@example.net,+441632 960275,B0439,hospital_b
Christian,Smith,2000-10-30,DG8 6LB,Jakeberg,dawsonrosemary@example.org,(0115) 4960791,B0440,hospital_b
Daniel,Weston,1990-11-01,N13 5FJ,Lake Hazelberg,henry73@example.org,(0131)4960847,B0441,hospital_b
Olivia,Williams,2004-05-14,M23 6EY,Rogerborough,cwilliams@example.com,+442074960459,B0442,hospital_b
Raymond,Jenkins,1966-08-16,N5S 7GB,katechester,rachael85@example.com,,B0443,hospital_b
Anne,James,1961-05-25,L5 2PE,West Charlenetown,allan79@example.com,,B0444,hospital_b
Glen,Foster,1973-10-09,M9 9SS,Stanleyborough,adamroberts@example.com,,B0445,hospital_b
Harry,Price,1979-03-10,S3K 4AY,South Glenberg,isims@example.net,,B0446,hospital_b
Timothy,Day,1938-10-10,G1 6JG,East Lauraside,,+44(0)909 8790010,B0447,hospital_b
Leon,Tuckre,1959-04-29,S4T 2YT,east stanleyberg,qtodd@example.org,,B0448,hospital_b
Leslye,Adams,2006-07-23,TD7 1LN,West Nicolebury,annetteferguson@example.com,(0114) 496 0303,B0449,hospital_b
Jade,Summers,1948-12-31,N3 4TF,East Geraldstad,nsimpson@example.net,(0117) 496 0631,B0450,hospital_b
wOen,Willimas,1946-04-12,S8F 7LQ,north francescafurt,,+44(0)116 496 0948,B0451,hospital_b
Tina,Hughes,1966-12-07,BL3B 1BB,Shaneland,whitejasmine@example.net,(01632) 960 666,B0452,hospital_b
Oliver,Lloyd,1995-06-10,FK7H 3QN,Paulville,stephaniewalker@example.net,01614960432,B0453,hospital_b
Wendy,oWng,1969-10-12,B9 3WW,Port Sean,spenceralbert@example.com,,B0454,hospital_b
Robert,Smith,1989-05-18,HX31 6EL,Scotthaven,,+44(0)9098790569,B0455,hospital_b
Helen,Harding,1955-06-13,B98 9ES,Sullivanstad,,0116 4960728,B0456,hospital_b
Grgeory,Johnson,1983-10-12,LU4 4AT,East Lawrenceshire,manningstewart@example.org,,B0457,hospital_b
Toyn,Kahn,1999-06-07,G1T 2HS,West Geraldton,pbegum@example.net,+4428 9018666,B0458,hospital_b
iNgel,Lawrence,2002-06-17,M2K 5YF,West Barry,tnaylor@example.com,,B0459,hospital_b
Jaince,Akhtar,1992-05-26,CB28 5WQ,Nixonmouth,dhunt@example.org,+44(0)1914960061,B0460,hospital_b
Bradley,Richadrs,1957-05-10,N29 0RF,Daviesmouth,,+44(0)118 496 0159,B0461,hospital_b
Lewis,Fullre,1976-07-23,HP0B 3WF,khanberg,teresa40@example.com,(028) 9018 0311,B0462,hospital_b
Davdi,oGuld,1999-07-08,E3D 7AW,Dickinsonville,carol72@example.org,+44(0)8081570849,B0463,hospital_b
Gali,Willaims,1983-05-01,S2 2FJ,New Beth,alicejones@example.com,0292018197,B0464,hospital_b
Laura,King,1963-11-03,TR1R 6FA,Clareville,tbrown@example.org,+44(0)28 9018 0970,B0465,hospital_b
Owen,Robson,1969-06-10,LE4A 5WW,west diana,llewis@example.net,01164960595,B0466,hospital_b
Jospeh,hTomas,1997-06-25,L11 7PJ,North Clive,,(0114) 496 0941,B0467,hospital_b
Ian,aBker,1940-08-08,PL0 5ET,browneshire,dominicsmith@example.com,(029)2018433,B0468,hospital_b
Shaun,Williams,1973-11-12,E90 3BF,West Janeshire,,+441632 960 873,B0469,hospital_b
Gavin,Tyler,1969-11-12,HU9 1TS,Cameronshire,clarkegeorgia@example.com,0115 4960173,B0470,hospital_b
Lee,Foster,1959-06-10,M46 1GN,New Beverleybury,tracey90@example.net,+44(0)29 2018197,B0471,hospital_b
Marcus,Lambert,1937-08-21,EX352HX,Cherylton,valerieford@example.net,028 9018 0051,B0472,hospital_b
Helen,Anderson,1979-12-28,W2 0EB,buckleystad,yjones@example.org,,B0473,hospital_b
Eleanor,Jenkins,1962-12-24,ST0V 0RR,South Rita,hparry@example.com,+44115 496 0955,B0474,hospital_b
Gordon,Ward,2002-04-21,L19 3SX,Port Stephenbury,hamiltonmalcolm@example.com,+44(0)116 4960405,B0475,hospital_b
Iain,Taylor,1953-02-09,HD8 0QS,Whiteborough,mariawilson@example.net,,B0476,hospital_b
Patrick,Fowler,1952-06-11,SA717BL,Joanfurt,graham04@example.net,01414960706,B0477,hospital_b
Frederick,Vaughan,1956-11-16,S0K 5LL,North Mohammadshire,arthur27@example.com,,B0478,hospital_b
Alan,Mrogan,1970-05-04,L6A 4ZX,Philipmouth,garrymiller@example.com,,B0479,hospital_b
Harriet,Coleman,1998-11-19,BL3B2WT,Lukeside,benjaminwatson@example.com,(0118)4960058,B0480,hospital_b
Samuel,Foster,1960-10-24,W13HP,gailchester,grahamlawrence@example.org,+44113 496 0595,B0481,hospital_b
Albert,Simpson,2000-10-17,LN4 2QB,Kieranshire,whitehousephillip@example.com,+44(0)161 4960895,B0482,hospital_b
Robin,Lamb,1977-10-26,SR2P 1JY,Powellville,,0191 4960754,B0483,hospital_b
Godron,Lee,1956-09-04,N35 7PE,South Michelle,jason58@example.net,+44114 4960579,B0484,hospital_b
Bernard,Patterson,1965-11-10,G8D 9FZ,Mitchellmouth,terence16@example.com,+44(0)161 496 0297,B0485,hospital_b
Jluia,Wallace,1949-09-29,W02 6LX,Reidberg,leepeter@example.net,+44116 496 0128,B0486,hospital_b
Melanie,Blel,2001-04-18,CO6 4EP,Marieville,fordowen@example.com,+441414960764,B0487,hospital_b
Gerard,Robertson,1967-04-29,M49 3LF,East Lynnhaven,matthewanderson@example.org,+44191 496 0830,B0488,hospital_b
Wendy,Lee,1937-03-01,M96 8FT,Jamieville,fgregory@example.com,,B0489,hospital_b
Owen,Roberts,1989-08-13,E52 4TW,Lake Charlenemouth,williamsdiana@example.net,+44(0)121 496 0380,B0490,hospital_b
Ashleigh,Johnson,1953-03-27,S3S 4UF,Bradleyfort,wayne31@example.net,(0909) 879 0306,B0491,hospital_b
Joseph,Hugehs,1979-11-26,DD0P 9RY,Lake Damien,lhill@example.com,+44(0)8081570347,B0492,hospital_b
Wendy,Roberts,1963-11-30,NP7 1JE,Samanthamouth,louis61@example.org,,B0493,hospital_b
Bethna,Simomns,1944-08-18,WC79 3AN,Kathleenborough,xlong@example.com,+44118 496 0566,B0494,hospital_b
Karen,Fry,1951-01-09,EH0A 8EW,Jameston,lawrenceatkins@example.org,(028)9018304,B0495,hospital_b
aHrry,Bradley,1962-11-13,CO41 1WS,North Joannaberg,newmandeborah@example.org,+448081570945,B0496,hospital_b
Maragret,Brown,1971-07-26,IG81 3YA,Vaughanmouth,lesley91@example.net,+44121 4960521,B0497,hospital_b
Neil,Moore,1950-06-11,PE31 6ZU,North Valerie,,+44(0)113 496 0599,B0498,hospital_b
Jane,Carr,1954-11-09,W87 3PT,Lewisland,fieldmartin@example.com,+441154960028,B0499,hospital_b
Adrian,Thompson,1967-03-25,B6 2WU,Lake Lorraine,smatthews@example.org,(0151) 496 0448,B0500,hospital_b
Brandon,Richards,1962-05-31,DA2M 9QW,meganmouth,mohamedbennett@example.net,,B0501,hospital_b
Eliane,Potts,1965-09-03,W10 3HE,Butcherton,ewright@example.com,+4428 9018 0835,B0502,hospital_b
Teresa,Brown,1949-05-06,UB6 5ZR,Chelseaside,martinwright@example.org,+441632 960342,B0503,hospital_b
Marcsu,Moore,1944-07-13,S5K 9UH,North Dale,georgemurray@example.net,0116 4960227,B0504,hospital_b
Zoe,Suanders,1940-12-28,L2S 2SX,Jonesview,,(0131)4960205,B0505,hospital_b
Natalie,Welch,1960-07-16,DN98 6QG,East Angelastad,christophergrant@example.com,0115 496 0548,B0506,hospital_b
James,Jenikns,1937-09-23,RM7 0LL,New Robertfort,,+44909 8790810,B0507,hospital_b
Lauren,Day,2000-07-25,G21 1BT,West Lewisside,gordon90@example.com,,B0508,hospital_b
Claire,Lewis,2003-12-11,KT01 8FL,East Louiseton,tina38@example.com,+441164960044,B0509,hospital_b
Chelsea,Dodd,1960-03-17,E9H 1DG,east elliottshire,perkinsmark@example.org,+4428 9018571,B0510,hospital_b
Luois,Brookes,1984-12-27,G40 4GL,New Guy,mwilson@example.com,+44(0)909 8790324,B0511,hospital_b
Garry,Harrison,1954-08-05,HU958TG,Port Fionafurt,shannonpearce@example.net,(0151) 496 0543,B0512,hospital_b
Glenn,Harrison,1972-01-22,TQ4B 4HT,Ryanville,,+44(0)121 4960596,B0513,hospital_b
Katy,Fox,1937-10-02,CF5A 6UP,Eileenville,sarahrogers@example.com,+44191 4960207,B0514,hospital_b
Amebr,Mruphy,1977-04-30,SS67 4QZ,Pamelafurt,simon38@example.org,+44(0)1414960649,B0515,hospital_b
Joanne,Wright,1947-04-04,M989FF,Alexanderland,patrick57@example.com,+44116 496 0702,B0516,hospital_b
Marc,oYung,1957-04-11,G3 6DJ,Lake Suzanne,christopher72@example.com,0115 4960786,B0517,hospital_b
Amelia,Kelly,1969-10-05,WA736FP,South Toby,,,B0518,hospital_b
Aieme,Cox,1978-02-03,G35 5WA,Austinbury,dawnkay@example.org,(0121)4960615,B0519,hospital_b
Jacqueline,Lambert,1966-05-12,HA6 0LS,East Patricia,halljake@example.com,+4429 2018160,B0520,hospital_b
Shaun,Newton,1977-03-27,SL70 6SB,Dianeview,gibbsbarbara@example.net,+44(0)1314960758,B0521,hospital_b
Julie,Griffiths,1948-05-03,NN61 0PY,Joehaven,dwilliams@example.com,+44(0)113 4960177,B0522,hospital_b
Claire,Parker,1979-01-13,EN6 4AX,Antonyport,helen07@example.com,(0121) 4960091,B0523,hospital_b
Susan,Chandler,1974-01-24,EH212FU,Lawrencestad,,+44808 157 0897,B0524,hospital_b
Simon,Hamilton,1962-07-01,E68 5NS,Brownview,smartann@example.org,+44(0)3069990394,B0525,hospital_b
eLon,Richards,1974-08-23,B59 3SL,West Donna,butlerjeremy@example.net,0121 496 0406,B0526,hospital_b
Joanna,McaCrthy,2003-03-02,N55TF,Davisfort,,(0141) 496 0460,B0527,hospital_b
Irene,Davis,2005-12-05,LU8N 3WQ,Iainmouth,bdavies@example.org,(028) 9018 0929,B0528,hospital_b
Jay,Armsrtong,1965-08-10,M8 3RX,South Lynda,glovercharlie@example.org,(0115) 4960942,B0529,hospital_b
Sam,Perkins,2007-02-22,NR65 6ZL,Lindaville,stephanie88@example.com,+44(0)117 496 0677,B0530,hospital_b
Jasimne,Heath,1941-02-27,S0F 2YU,West Danielfurt,shaunmurphy@example.net,+44909 8790327,B0531,hospital_b
Marc,Stanley,1956-09-02,L9 7JZ,Scottburgh,hknight@example.net,+44(0)808 1570523,B0532,hospital_b
Carole,Stokes,1977-12-07,HX8 7ZG,Carlyberg,zoe56@example.com,+44(0)28 9018 0287,B0533,hospital_b
Clive,oJnes,1963-01-05,BR5H 3JF,Tinaville,,,B0534,hospital_b
Reece,Evans,1937-09-05,CB5V 4XX,Port Williammouth,duncansmith@example.net,+44(0)116 4960337,B0535,hospital_b
Edward,Thomas,1979-10-02,M1T 1FW,Benjaminborough,normangrant@example.net,01614960718,B0536,hospital_b
Lee,Newton,1981-07-23,W177HE,New Holly,,,B0537,hospital_b
Joan,Nelson,1980-02-19,AB46 7GP,Lewisport,stacey35@example.com,(029)2018884,B0538,hospital_b
Kayleigh,Williams,2006-08-15,W05 7GG,Port Annport,bennettangela@example.com,+4428 9018823,B0539,hospital_b
Raymond,Miller,1950-11-06,M5U 1NZ,New Ellie,,+44(0)306 999 0229,B0540,hospital_b
Helen,Bialey,2003-11-26,S5 7LA,East Irene,billy50@example.com,,B0541,hospital_b
Lynda,Grant,1939-08-12,N4 7NE,Macdonaldland,amy22@example.net,(0121) 4960938,B0542,hospital_b
Craig,Williams,1959-03-20,M8J 0FD,Rebeccamouth,jeffreypotter@example.org,+44(0)151 496 0553,B0543,hospital_b
Sain,Page,1954-03-11,B2B 6RU,Port Debraton,andrew96@example.org,+44(0)161 496 0587,B0544,hospital_b
Lawrence,Allen,1981-08-04,BS9B 8GW,New Jadeborough,,+44(0)1514960725,B0545,hospital_b
Liam,Clayton,1977-04-10,NG60 9NA,Brownbury,rachel24@example.org,(020)74960587,B0546,hospital_b
Hilary,King,1991-06-28,N9C 2HN,North Richard,marshsheila@example.com,(0114)4960553,B0547,hospital_b
Slyvia,Martin,1957-05-25,FK33 0FT,Port Nicolatown,vtaylor@example.org,0141 4960077,B0548,hospital_b
Tracey,Rayn,1991-07-26,E1C 2HE,Coxstad,elizabeth33@example.org,0808 157 0857,B0549,hospital_b
Conro,Bond,2004-04-05,B6 6EQ,Dylanland,pharding@example.com,+44(0)117 4960167,B0550,hospital_b
Andrwe,Watson,1955-05-04,YO5A3GY,East Maureenberg,annettejones@example.org,(0114) 496 0934,B0551,hospital_b
Christnie,Richards,1995-05-20,DD282QE,North Jean,,+44(0)8081570495,B0552,hospital_b
Matthew,Gill,1959-06-28,BD26 8RZ,East Oliver,stonefrancis@example.org,+44(0)1414960117,B0553,hospital_b
Gillian,Robinson,1997-10-13,W2W 4UU,Scottmouth,jayne17@example.com,+44(0)1632960932,B0554,hospital_b
eGrald,Lewis,1994-01-30,L11 4ZE,East Tony,katyhodgson@example.net,+44(0)151 4960988,B0555,hospital_b
Melissa,Scott,1954-10-02,N65 9BR,Port Joeburgh,wilkinsjoshua@example.org,(0116)4960650,B0556,hospital_b
Alexandra,Jnoes,1997-11-23,S73 9LX,Hardyview,tom24@example.com,08081570787,B0557,hospital_b
Cherly,Glover,1997-10-15,M1U 6AX,North Julian,hburke@example.net,01632960425,B0558,hospital_b
Mohamamd,Pirce,1975-09-04,G6 2JA,Lake Owen,lynnetaylor@example.net,0114 496 0858,B0559,hospital_b
Bernard,Falukner,2008-01-29,N21 9JF,taylorview,schofieldjoanne@example.com,(0141) 496 0867,B0560,hospital_b
Jade,Storey,1987-12-16,AB1 8NH,north victoriaberg,,(0141) 4960266,B0561,hospital_b
Maire,O'Connor,1996-03-10,L4 6EY,east louise,elliewhite@example.com,01134960184,B0562,hospital_b
Judith,Webb,1981-03-02,DY74 8ZT,North Maurice,simon64@example.org,(028) 9018769,B0563,hospital_b
Leslie,Hawkins,1985-10-04,TA43 1ZZ,Cameronfort,,(0909)8790444,B0564,hospital_b
Ruth,Buckley,1965-12-01,HU1 1UJ,Quinnchester,stuart78@example.net,+44(0)808 1570969,B0565,hospital_b
Maureen,Tayolr,1984-01-06,E9 9EE,West Kimberley,tsharp@example.net,+44(0)113 4960577,B0566,hospital_b
Marion,Taylor,1938-01-01,TW60 9GA,Nigelport,uroberts@example.com,0909 8790455,B0567,hospital_b
Elliott,Norton,1942-09-05,CA6N 2RH,Lindseyfort,tom75@example.org,+44116 4960501,B0568,hospital_b
Aaron,Woodward,1942-11-06,TW4W 5JT,East Lorraineberg,richard73@example.net,+441174960337,B0569,hospital_b
Eileen,Barker,1945-11-23,EH07SX,South Christian,yjohnson@example.net,+44118 496 0546,B0570,hospital_b
Lauren,Hargreaves,2002-11-05,N85 2PJ,North Kathleen,gwilkinson@example.net,+44(0)117 4960583,B0571,hospital_b
Natalie,Phillips,1996-05-10,PR77 1GA,Mooreton,lesley21@example.net,+44131 496 0149,B0572,hospital_b
Howard,May,1988-05-30,PH7P 6HT,Shannonport,donald98@example.com,0116 496 0895,B0573,hospital_b
hTomas,Coates,1939-02-24,PE1 9DW,elliottborough,gracegriffin@example.org,,B0574,hospital_b
Trevor,Fry,1942-02-26,OX66 7FP,North Graeme,,,B0575,hospital_b
Marc,Wilson,2007-03-27,BT5R 8LA,New Darrenstad,thompsondebra@example.org,0113 4960564,B0576,hospital_b
Matthew,Roberts,1976-10-02,WF13ZU,New Charlie,lewis29@example.com,02074960272,B0577,hospital_b
Kathleen,Bray,1995-01-26,B8 4NE,Jillburgh,oliverstephenson@example.net,(0116) 496 0957,B0578,hospital_b
Katy,French,1963-09-02,CH81 3QF,Port Abigail,sophiethomas@example.org,01614960918,B0579,hospital_b
Goerge,Adams,1958-09-07,S8S 4PF,Millerport,yahmed@example.org,(0161)4960071,B0580,hospital_b
Danny,Moore,1979-10-16,ME4 8BH,west kateshire,jemmasinclair@example.org,(0191) 4960004,B0581,hospital_b
Gail,Tyler,1998-05-03,HA3X 6AS,Patelborough,asmith@example.net,+44(0)29 2018 0607,B0582,hospital_b
Scott,Adams,1951-07-24,CH1E1GX,Mohammedview,skirby@example.com,(0909) 879 0941,B0583,hospital_b
Tervor,Byrne,1999-12-07,E87 2WB,Jonesville,ianlee@example.org,+44(0)114 496 0136,B0584,hospital_b
Amber,Middleton,1989-03-08,PH08 3PB,East Mauriceview,brucehall@example.net,01144960662,B0585,hospital_b
Michelel,Weston,1936-07-22,DA5N2EJ,South Paulshire,bradleykirsty@example.org,(0909) 879 0309,B0586,hospital_b
Janice,Fodr,1982-08-26,OX64 7JU,Leighmouth,,(0191)4960532,B0587,hospital_b
Mitchlel,Todd,1948-01-04,EN25 6NF,South Victoriaside,joanneharvey@example.net,+44131 496 0366,B0588,hospital_b
Helen,Hall,1968-04-20,LL55 6FW,East Charlie,,029 2018 0957,B0589,hospital_b
Kathryn,Begum,1979-12-26,RG0X 1DA,Port Alexandermouth,webstersusan@example.org,+44(0)1632 960234,B0590,hospital_b
aGry,Evans,2001-08-29,W7F 4NE,East Ben,,,B0591,hospital_b
Michael,Morgan,2004-05-21,N5B 1GF,Sianfurt,,,B0592,hospital_b
Owen,Gibbs,1993-08-20,S2 4HW,Mariatown,knewton@example.org,+44(0)28 9018344,B0593,hospital_b
Lucy,Turner,1959-12-03,SW7 5XB,Port Sara,hunterjack@example.com,0141 4960376,B0594,hospital_b
Chalrotte,Fowler,1984-05-01,IM5N 6PF,Elliotside,wendywhite@example.org,+44151 4960158,B0595,hospital_b
Geoffrey,Brown,1944-08-31,L1 5DF,Port Nicholas,pottsjames@example.net,,B0596,hospital_b
Daen,Jacskon,2005-10-10,RG51 0FH,East Georgeland,,(0117)4960016,B0597,hospital_b
Danny,Jonhson,1949-05-06,W92 4YB,Gallaghertown,jarvisjoe@example.com,0116 496 0893,B0598,hospital_b
Beth,Harvey,1990-11-20,G53 6YN,O'Sullivanport,rachelsmith@example.com,+441632960380,B0599,hospital_b
Abbie,Ball,1985-03-07,SY2 0DU,Darrenchester,davieskatie@example.org,+44(0)1632 960159,B0600,hospital_b
Linda,Harrisno,1979-06-27,M5 5UQ,Hodgsonfort,janice33@example.net,+44116 4960056,B0601,hospital_b
Natalie,Shaw,1958-12-17,LL77 2RS,Port Bradleymouth,oscott@example.org,+44141 496 0506,B0602,hospital_b
Irene,Howe,1946-04-23,L10 7FL,Joetown,,+44(0)1184960337,B0603,hospital_b
Lynda,Wood,1966-11-18,W05 1PU,patrickbury,,(0113) 496 0425,B0604,hospital_b
Harrite,Kemp,1980-06-07,E9C 5QF,Annafort,brownlauren@example.com,(0118) 496 0353,B0605,hospital_b
Terry,Thomson,2001-02-12,TN48 9PH,West Julia,lindseywright@example.org,(0808) 1570379,B0606,hospital_b
Paulnie,Ball,1958-03-02,S2 1WU,Fosterview,,01632960250,B0607,hospital_b
Elaine,Simth,1981-07-01,HU9 8FL,Daniellemouth,leahkay@example.net,+44(0)20 74960140,B0608,hospital_b
Gordon,Norris,1972-02-01,S60 4HF,Petertown,dferguson@example.org,+44151 496 0682,B0609,hospital_b
Marilyn,Williams,1958-03-18,LE49TN,New Scott,andrew10@example.com,,B0610,hospital_b
uGy,Lee,1962-08-29,S5 2PZ,Lake Lawrencemouth,youngwilliam@example.net,(01632) 960 271,B0611,hospital_b
Jsoeph,Davidson,1942-09-30,L15 5DS,Brianfort,hkaur@example.com,+44289018628,B0612,hospital_b
Craig,Bradley,1968-01-09,M3 0XA,Lake Ameliabury,othomas@example.org,(0116) 496 0285,B0613,hospital_b
Laura,Bond,1995-10-21,DN28 9NL,Denisefurt,reecemitchell@example.com,0131 4960354,B0614,hospital_b
Lisa,Balwdin,1956-02-12,W9 3GE,South Kennethborough,shirleynewman@example.com,+44(0)808 157 0394,B0615,hospital_b
Rebecca,Hall,1982-07-29,M384AH,Port Brett,dawnmay@example.com,(01632) 960576,B0616,hospital_b
Mandy,Mitcehll,2002-07-03,NW94 1ZE,Port Robertton,maydavid@example.com,(0151)4960692,B0617,hospital_b
Lewis,Collier,1950-12-31,S51 6AN,North Joshberg,caroline31@example.net,+44(0)1632 960072,B0618,hospital_b
Stephen,Clakr,1988-03-12,WR98 4AY,Collinsberg,garysimmons@example.com,+44113 4960076,B0619,hospital_b
Yvonne,Watson,1970-12-12,B45 9QT,Dunnstad,lynn82@example.com,+441632960562,B0620,hospital_b
iKmberley,Alexander,1969-05-29,TD4 7XS,Annland,,+44(0)1514960782,B0621,hospital_b
Luke,Ward,2002-04-27,CT9N 9FH,Reeveschester,,0191 4960190,B0622,hospital_b
Trevor,Martin,1995-09-14,BS1M 1SQ,Boyleport,charlotte53@example.com,0151 4960997,B0623,hospital_b
Heather,Richarsd,1938-05-04,BD75 0LU,Mitchellville,nholmes@example.com,+4429 2018706,B0624,hospital_b
Ian,Hunt,1990-09-11,W4 1JE,Palmermouth,,+44(0)121 4960487,B0625,hospital_b
Robin,Osbrone,1942-03-19,CO9X 8TD,South Henry,,(01632)960049,B0626,hospital_b
Terence,Harrison,1971-02-18,GY209PS,Lake Deanland,hayleyjones@example.org,,B0627,hospital_b
Josh,Clayton,1960-02-09,PA7H 1EG,East Rachael,williamsclaire@example.net,,B0628,hospital_b
Heather,uDnn,1965-11-04,M61DD,Rosiestad,,+44115 496 0021,B0629,hospital_b
Alexandra,Birch,1949-08-17,NP5V 7DG,Clarkton,reecekennedy@example.org,+44(0)1632960605,B0630,hospital_b
Darren,Dennis,1936-03-03,M9J 4FP,Port Catherine,royadams@example.com,01614960312,B0631,hospital_b
Charlotte,Fisher,1981-01-21,G2 1UW,New Rogerbury,xbryant@example.org,+44808 1570460,B0632,hospital_b
Ann,Thomas,1958-09-05,BB35 7ZJ,South Jayne,wwillis@example.net,(0116) 4960398,B0633,hospital_b
Gerard,Stephenson,1940-10-05,B6B 2BQ,Lisaview,vbrooks@example.com,,B0634,hospital_b
Mohammad,Davis,1969-08-02,IP98 7PD,Simpsonside,smithmax@example.com,,B0635,hospital_b
Jluian,Webster,2001-05-29,L54 5WS,Arthurchester,mollyball@example.org,0808 1570435,B0636,hospital_b
Jonana,Fisher,1950-03-17,PA824JH,Justinfort,duncan67@example.net,+44(0)118 496 0978,B0637,hospital_b
Maurice,Lnae,1979-07-09,CM6 0DH,Oliviamouth,denise96@example.org,,B0638,hospital_b
Marilyn,Grififths,1967-03-13,CM2 1QB,Port Brianview,,+443069990163,B0639,hospital_b
Gerald,Thompson,2005-10-31,DL89 2DY,Danielleville,smithjane@example.org,0118 4960792,B0640,hospital_b
Kyel,Bell,1955-09-07,L4 9ZR,Dobsonville,hansonlouise@example.com,01164960696,B0641,hospital_b
aDniel,Henderson,1955-02-13,LU6V 5AU,Bullborough,gareth19@example.net,+4429 2018 0626,B0642,hospital_b
Gavin,Lloyd,1961-01-26,EH4 6ZU,Lake Lynnebury,pricedaniel@example.com,02074960556,B0643,hospital_b
Michael,Hughes,1988-02-24,CA64 3LQ,Catherineburgh,geralddavis@example.net,0191 498 0983,B0644,hospital_b
Alan,Robinson,1961-11-23,E21 4DW,alisonberg,patrick64@example.org,+44(0)117 4960642,B0645,hospital_b
Maria,Rice,1998-12-04,B9S 4XU,bowenbury,manndominic@example.net,01632960111,B0646,hospital_b
Max,Warren,1948-04-30,W8 2FX,east john,ronald48@example.org,+441614960806,B0647,hospital_b
aBrry,Thompson,1969-07-11,L95 7JT,lake jamie,shaunhart@example.org,(0114)4960620,B0648,hospital_b
Gerard,Hall,1993-08-07,SY6V8TW,Lyndashire,hmitchell@example.com,+44116 496 0872,B0649,hospital_b
Bradley,Brooks,1957-04-29,G03 4UR,Edwardsstad,gillianclarke@example.org,,B0650,hospital_b
Jacob,eRid,1976-04-12,B8 8QA,Ahmedmouth,brenda54@example.com,0114 4960891,B0651,hospital_b
Jennifer,Reed,1966-12-03,B8T 2RP,Elliottview,patrickcarter@example.org,+44(0)1144960964,B0652,hospital_b
Lsia,Quinn,1938-06-30,G3 9HS,South Lorraine,,(0909) 879 0047,B0653,hospital_b
aGry,Lloyd,2002-02-02,W11 5ZQ,Andrewsview,julia58@example.org,0292018984,B0654,hospital_b
Marilyn,Marsh,1953-03-10,S7 5WN,Pagefurt,,(0115) 496 0283,B0655,hospital_b
Gerald,Shaw,1953-06-10,E88 6RS,Cliffordland,benjohnson@example.net,(0114) 4960506,B0656,hospital_b
Craol,Sharp,1946-07-12,BB55 4JU,Murrayfurt,,0121 4960392,B0657,hospital_b
Tom,Walsh,1959-03-01,WF11 1AF,Hughesland,leemetcalfe@example.org,+441134960245,B0658,hospital_b
Abigali,Dena,1978-08-07,E9E 1TZ,Charleshaven,,,B0659,hospital_b
Rosie,Humphries,1969-10-15,HU84 6SJ,Dorothymouth,cameronhall@example.net,(0116) 496 0010,B0660,hospital_b
Toby,Morirs,1986-12-03,HD9Y 0GL,Greenmouth,lukeyoung@example.org,+44(0)1614960974,B0661,hospital_b
Reece,Atkinson,1965-10-15,N5 5AE,Vaughanhaven,phillipkennedy@example.net,029 2018 0848,B0662,hospital_b
Deborah,Ball,2007-10-27,L6U 7YX,Shannonmouth,kirbyjack@example.com,+4420 7496 0176,B0663,hospital_b
Gillain,Johnston,1979-09-21,N93 4NB,Lake Rosemary,hannah40@example.net,+44(0)117 4960037,B0664,hospital_b
Shane,Frost,1966-09-03,M8 0WN,South Kimberleyborough,connor36@example.net,,B0665,hospital_b
Abbie,Thorpe,1985-04-18,N3 0EF,Leslieport,,+441632 960 251,B0666,hospital_b
Gerrad,Gordon,1974-11-15,E1C 0JD,Antonyville,,+44(0)1514960817,B0667,hospital_b
Aimee,lFynn,1992-08-16,TN1 2RH,Jackland,marsdenglenn@example.org,0191 4960837,B0668,hospital_b
uJlia,Parsons,1960-02-12,TQ613GH,Griffinland,,+44(0)191 4960765,B0669,hospital_b
Jemma,Connolly,2000-12-24,W3 9QA,Francescamouth,abanks@example.com,,B0670,hospital_b
Lewis,Wright,1976-04-07,G7 8XP,New Ryanmouth,graemepowell@example.com,(0121) 496 0010,B0671,hospital_b
Ashley,Beugm,1979-04-18,N1 4PP,East Melissaborough,barnesmartyn@example.com,+44(0)8081570881,B0672,hospital_b
Georgina,Hudson,1998-10-25,M8S 1RB,Emilyland,max02@example.org,0115 496 0901,B0673,hospital_b
Lesley,Thomas,1994-05-18,NP14 9XJ,West Leslieburgh,yatesandrew@example.com,,B0674,hospital_b
Gerard,Phillips,1980-04-12,S4 0ER,Lake Howard,melissagallagher@example.net,(020) 74960132,B0675,hospital_b
Simon,Wilson,1953-07-13,E6 3LE,Lake Rhysville,,+44151 496 0221,B0676,hospital_b
Gillian,Steele,1992-04-29,W8 3SE,patrickport,edward60@example.com,+44(0)306 999 0819,B0677,hospital_b
Jemma,McDonald,1943-04-20,IG8M 4WN,Brownshire,smithlawrence@example.com,(0808) 157 0389,B0678,hospital_b
Beverley,Roberts,1973-12-19,W80 0PX,Swifttown,goconnor@example.net,+44121 496 0644,B0679,hospital_b
Ktae,Ryan,1964-08-16,N1G 9HJ,Jordanmouth,megan38@example.com,+44161 496 0368,B0680,hospital_b
Andrew,Marshall,1942-10-25,L60 7SX,North Gailside,oedwards@example.net,,B0681,hospital_b
Alan,Smith,2002-04-24,CM493DP,New Terence,,+44(0)1632960307,B0682,hospital_b
Charlene,White,1947-06-23,SS0R 6PE,New Carolebury,david65@example.com,0306 999 0782,B0683,hospital_b
aAron,Higgins,1988-04-06,DL5X 6FD,South Gemma,thompsonjoshua@example.net,+441164960611,B0684,hospital_b
Charles,Kelly,1946-07-04,S3 4WX,alisonburgh,lucyfield@example.net,+44(0)808 1570745,B0685,hospital_b
Hannah,Walker,1977-09-02,TW2A 8JF,North Natasha,smithlynn@example.org,01314960881,B0686,hospital_b
Garry,Smith,1975-05-10,B67 2JD,New Angela,oliverashleigh@example.net,+441144960572,B0687,hospital_b
Eileen,Hyde,1992-10-07,PL0Y 5PR,port leanneport,elliot21@example.net,,B0688,hospital_b
Shelia,Jones,1971-02-19,G2 8ZB,Jessicafort,osullivanjade@example.org,+44(0)1134960900,B0689,hospital_b
Ireen,Smith,1953-03-19,RH5 5WL,South Gemma,smithkieran@example.com,+44(0)161 4960355,B0690,hospital_b
Irene,aPrker,1957-12-03,S08 7BS,east victoria,yrichards@example.org,(0306)9990982,B0691,hospital_b
Malcolm,Collins,1954-10-31,E6 8EX,West Kayleighview,lorrainewells@example.com,+44(0)909 879 0383,B0692,hospital_b
Gemma,Edwards,1948-12-25,BR6M 2DF,Hurstport,zoebradshaw@example.net,0292018464,B0693,hospital_b
Sam,Brown,1999-06-26,CO5Y 3EN,Jakemouth,fulleriain@example.net,(0141) 496 0255,B0694,hospital_b
Gregory,Taylor,1938-05-16,TN35 8GN,Port Daniel,jonesmohammad@example.com,+44(0)306 9990448,B0695,hospital_b
Beevrley,Hunt,1973-12-31,L1 3XW,Port Martyn,aaron79@example.net,(0114) 496 0504,B0696,hospital_b
Joyce,Dawson,2007-10-13,EC33QH,Katemouth,byrneross@example.org,08081570111,B0697,hospital_b
Grace,Murphy,1969-05-02,B9 3YD,South Robin,carolgraham@example.org,+44(0)113 4960601,B0698,hospital_b
Jake,Bell,1979-12-14,W5G7WS,North Jeffreyborough,turnerrobert@example.net,(0115) 496 0561,B0699,hospital_b
Denis,Macdonald,1939-07-07,PL1 8YN,New Iainbury,,+44(0)808 1570092,B0700,hospital_b
Jane,Chamberlain,1994-10-10,L99 1JT,Albertmouth,,+44(0)29 2018428,B0701,hospital_b
Paula,Miles,1989-10-28,RG0 3UR,Williamston,,+44306 9990003,B0702,hospital_b
William,Reynolds,1950-02-11,IV91 6FT,West Phillipville,,,B0703,hospital_b
Georgina,Akhtar,1977-01-15,RG76 9HW,Gregoryton,smithandrea@example.org,+44(0)3069990873,B0704,hospital_b
Glenn,Burns,1970-02-04,NR8E0HJ,Jayneville,warnerlauren@example.com,+44292018090,B0705,hospital_b
Kathleen,Chan,1976-06-27,BR4M0TL,South June,kperkins@example.com,+44909 879 0489,B0706,hospital_b
Garce,oMrris,1984-08-16,CA84 8QY,Woodsshire,seanbutcher@example.org,(0121) 496 0084,B0707,hospital_b
Shirley,Hurst,2006-06-13,G31 3NF,Ahmedside,,+44(0)191 4960726,B0708,hospital_b
Ruht,Hardy,1991-01-15,W2 4XJ,West Vanessa,francesca38@example.org,029 2018 0804,B0709,hospital_b
Palu,Bartlett,2005-05-13,CM2Y 5AX,South Marie,paige26@example.net,+441184960186,B0710,hospital_b
Marion,Owesn,1964-12-27,L0 6EF,Port Debra,alexandra51@example.com,+44(0)8081570346,B0711,hospital_b
Joanna,Bray,1978-03-07,WD8 0AG,Mitchelltown,kingkatherine@example.com,+44(0)20 7496 0661,B0712,hospital_b
William,Clark,2006-10-19,MK31 3ZP,North Garyfurt,blackburnricky@example.org,(0121) 496 0915,B0713,hospital_b
Kvein,Edwards,1968-01-23,S62 5AX,Lake Abigailfort,kpreston@example.net,,B0714,hospital_b
Daniel,Simmnos,1973-07-14,M1D 3TJ,East Terrystad,reeceward@example.com,(0115) 496 0781,B0715,hospital_b
Gillain,Boyle,1997-04-20,E19 0RE,port mary,sallyrobinson@example.com,+44(0)115 496 0778,B0716,hospital_b
Marion,Stewart,1962-09-24,L714LY,Lake Leslieshire,anthony26@example.com,+44(0)161 4960016,B0717,hospital_b
Martyn,Kirby,1939-02-22,DL41 7XE,South Dawn,christiantucker@example.org,+4428 9018179,B0718,hospital_b
Paula,Mason,1942-10-02,M86 9XP,McKenziemouth,racheltaylor@example.org,+44909 8790831,B0719,hospital_b
Katherine,Williamson,1985-01-13,KA03YT,South Ritashire,hahmed@example.com,01614960067,B0720,hospital_b
Damina,Hutchinson,1973-02-12,B50 8FD,east francis,toby21@example.com,(029)2018505,B0721,hospital_b
Sheila,Scott,2003-09-09,EX6W 1WG,new bradleymouth,,+44(0)113 4960898,B0722,hospital_b
Eielen,Clarke,1999-09-15,WD9 1NQ,Johnsonhaven,whunt@example.org,+44(0)29 2018 0715,B0723,hospital_b
Jacqueline,Freeman,1997-11-05,S8H 2PW,South Ian,gail80@example.com,+44289018235,B0724,hospital_b
Lee,Booth,1999-09-29,YO5P 9PT,North Ellieville,leonardlyons@example.org,+44306 9990554,B0725,hospital_b
Tony,Clayotn,1973-07-03,PE63 5ZN,Lake Louis,jillkent@example.net,0909 879 0463,B0726,hospital_b
Gordon,Kaur,2001-02-04,E5G 4DP,new tom,,+44116 496 0926,B0727,hospital_b
Joan,Mortno,1985-12-27,NG9 1JW,New Carolynfurt,claire07@example.net,+44118 4960685,B0728,hospital_b
Andrew,John,1990-06-21,GL4H 3NZ,Lake Sallyshire,bennettnathan@example.com,+44(0)20 7496 0720,B0729,hospital_b
Joe,Bishop,1986-09-22,L4U 1QH,Brookesmouth,sandra15@example.com,(0117) 496 0132,B0730,hospital_b
Claire,iBbi,1950-12-09,LN81 6TP,North Jasmineview,,0121 496 0105,B0731,hospital_b
Edwadr,Murphy,1980-03-25,W8 9FU,West Rebeccaberg,katherinehill@example.com,+44141 496 0225,B0732,hospital_b
Nicole,Law,1994-05-15,KT05 7XT,Joelburgh,valeriecole@example.net,01314960485,B0733,hospital_b
Joan,Oliver,1961-10-31,TN9 2WF,Jayneville,,+44113 496 0200,B0734,hospital_b
Luke,Bryan,1957-09-06,DY9X 1JF,Port Victormouth,martinbrandon@example.com,,B0735,hospital_b
Ashleigh,Parkinson,1975-11-03,E44 8WZ,Cooperfort,dawnrobson@example.net,,B0736,hospital_b
Leah,Bailey,1957-07-16,B6 1WJ,Smithburgh,andreahall@example.org,(0191) 4960276,B0737,hospital_b
Maureen,Cole,1983-11-03,G57 5LQ,Pamelaberg,knash@example.org,+44(0)1214960291,B0738,hospital_b
Denise,Warren,1997-09-09,LE6X 1RB,Lake Chloe,berryclive@example.org,+44(0)151 496 0337,B0739,hospital_b
Charlie,Bennett,1983-02-16,B52 2YY,Lake Victoria,oliverhope@example.com,029 2018 0914,B0740,hospital_b
Damian,Fisher,1945-10-14,N53 5XN,Helenville,dwood@example.net,+44(0)1632 960732,B0741,hospital_b
Lisa,Harris,2004-01-16,N4W 9UZ,east katieshire,kharper@example.org,,B0742,hospital_b
Mohamed,Smith,2001-01-23,TA873UP,New Nicole,callumburrows@example.net,0306 999 0125,B0743,hospital_b
Patricia,Elliott,1988-04-15,L20LX,Jenkinsmouth,nstone@example.net,+44(0)1632 960 585,B0744,hospital_b
Jeffrye,Smith,1974-05-03,B3 4NJ,Berryshire,jamie71@example.com,+44(0)808 157 0239,B0745,hospital_b
Colin,Brown,1946-03-05,G9T0DN,South Martyn,kevinblackburn@example.org,,B0746,hospital_b
Jaek,Klely,1978-08-10,E2 0FF,East Charlesville,,+44(0)1154960019,B0747,hospital_b
Ellie,Archer,1943-07-06,CF22 1ZB,Khanmouth,mbegum@example.net,+44(0)1632960304,B0748,hospital_b
Alexandra,Lucas,1963-01-16,B27 8EF,Edwardville,kirbynicole@example.net,(0141)4960825,B0749,hospital_b
John,Allen,1959-02-16,G94 2AY,Lake Claire,jessica10@example.org,,B0750,hospital_b
Garry,Hwoarth,2000-02-12,B27 6EQ,south dale,kwhite@example.net,0289018071,B0751,hospital_b
Sharon,Pickering,1978-05-31,DY22 8EP,Elliotburgh,mortoncarolyn@example.com,+441134960301,B0752,hospital_b
Andrew,Rihcards,2001-07-26,ME97 6NZ,West Angelashire,christine46@example.org,,B0753,hospital_b
Mray,eLwis,1975-01-09,E5H 2YA,West Geraldineton,gshort@example.org,,B0754,hospital_b
Alxeander,Hall,1952-01-06,B48LU,Marcfurt,geoffreycampbell@example.org,(0113) 4960962,B0755,hospital_b
Damien,Hill,1973-11-01,LD6 9LU,East Trevorside,shepherdvanessa@example.org,+44(0)2074960627,B0756,hospital_b
oCnor,Bull,2000-03-24,UB21 9DW,Port Ashley,dbrown@example.com,+44141 4960661,B0757,hospital_b
Graeme,Arnold,1981-01-15,E1 7YU,Harveyview,brownabbie@example.com,(020)74960388,B0758,hospital_b
Joesph,Perry,1976-05-17,WF4W 5JD,Kyleton,kathryn98@example.org,08081570949,B0759,hospital_b
Jean,Murrya,1964-02-13,W3S 3TY,Richardsonchester,vgibbs@example.com,01154960661,B0760,hospital_b
Kieran,Stevens,1956-03-17,W7 3JG,Amandaburgh,charlenemorgan@example.net,+4420 74960949,B0761,hospital_b
Sam,Benson,1983-05-30,TR4B 3QZ,Hutchinsonville,,+44(0)808 1570889,B0762,hospital_b
rGegory,Murray,1972-05-20,S4 8FG,South Susanhaven,alexandrarobinson@example.net,+44(0)1314960708,B0763,hospital_b
Dawn,Davies,1978-05-21,S88 7RY,Kington,samuel95@example.org,01632960141,B0764,hospital_b
Kimberley,Davsion,1961-03-03,W8 2UN,West Gemma,kenneth79@example.net,(029) 2018 0624,B0765,hospital_b
Ruth,Thomas,1979-06-06,SN49 6XJ,Mollychester,phillipsdenise@example.com,,B0766,hospital_b
Carl,Moore,1942-09-29,G59 6LX,North Stephanie,vincentwilkinson@example.net,+44(0)29 2018839,B0767,hospital_b
Luke,Shaw,1945-04-26,IV7 8TZ,South Danielland,hodgsonallan@example.org,+4420 7496 0359,B0768,hospital_b
Philip,Jones,1989-04-30,BR8E 9XY,New Joannatown,jhall@example.org,0115 496 0417,B0769,hospital_b
Mathwe,Ail,1997-03-04,L5 6RL,Richardsside,ameliasimpson@example.com,+44(0)29 2018987,B0770,hospital_b
Graeme,Begum,1963-02-09,SM1 5YL,Katyton,,+44(0)20 7496 0207,B0771,hospital_b
Rebecca,Smith,2003-01-31,BH5B 7DS,east jodieside,umartin@example.org,+44(0)141 496 0218,B0772,hospital_b
Rsoemary,Smith,1962-06-20,S7 0AZ,barryport,,0141 496 0489,B0773,hospital_b
Tracy,Williams,1965-03-31,TQ6 2AN,Marystad,vdavey@example.net,+44113 4960974,B0774,hospital_b
Georgia,Robinson,1970-05-30,NW23 2YZ,Louisetown,katie26@example.com,09098790261,B0775,hospital_b
Sean,Elliott,2002-05-30,L8 3UP,South Denis,,,B0776,hospital_b
Declan,Cox,1998-10-14,E2 2TN,Richardsonland,xwilliams@example.com,(0306) 999 0334,B0777,hospital_b
Laeh,Hart,1989-06-20,DA03 2DU,Jamesside,robertsjoseph@example.net,,B0778,hospital_b
Brian,Edwards,1964-03-19,MK48 6QG,Conorview,elliot46@example.org,,B0779,hospital_b
Lnida,Hlomes,1969-12-19,L7T0PJ,East Paulamouth,,(020) 74960698,B0780,hospital_b
Mragaret,Ellis,1948-01-22,L832WJ,New Timothy,nathanrobinson@example.net,+441914960706,B0781,hospital_b
Bethany,Willimas,1943-08-26,W6 0XD,Roystad,sroberts@example.org,,B0782,hospital_b
Stanley,Brooks,1982-02-01,B7 6XF,West Dylan,ltaylor@example.com,+44(0)808 157 0100,B0783,hospital_b
Joe,Hunter,2007-11-21,WA62 5LP,Williamsland,,(029) 2018 0664,B0784,hospital_b
Colni,Ford,2001-05-07,IG41 3NA,Freemanville,lflynn@example.com,(0306)9990970,B0785,hospital_b
Zoe,Richards,1962-02-04,L6G 4XF,Wilkinsonshire,mwalsh@example.com,+443069990083,B0786,hospital_b
Sheila,Williams,1975-10-30,OL1R 9DQ,West Mariechester,lindaprice@example.org,020 74960760,B0787,hospital_b
Hazel,Wright,1944-07-08,G6 7WY,South Stephen,jason80@example.net,+44(0)131 4960217,B0788,hospital_b
Reebcca,Goowdin,1958-03-25,W7 4DF,Doyleburgh,gloverellie@example.net,,B0789,hospital_b
Tina,Edwards,1964-09-08,S42 2ZU,Sallyshire,pattersonlindsey@example.com,,B0790,hospital_b
Stuart,West,1960-08-02,IG7 5SW,North Melissa,malcolmwatts@example.com,,B0791,hospital_b
Adam,Collins,1964-06-06,ZE5P 0TG,Port Barry,pauline28@example.org,+44(0)1914960954,B0792,hospital_b
Bruce,Hewitt,1982-02-10,E1 0ZG,Youngville,saundersrachel@example.org,+44(0)1632960053,B0793,hospital_b
Chloe,Manning,1976-11-09,B076YP,North Pamelaview,shawmarion@example.com,+44(0)1914960543,B0794,hospital_b
Leha,Dale,1976-09-16,KA98 6QF,Rickyfort,alicraig@example.net,+44(0)3069990827,B0795,hospital_b
Recee,Nelson,1994-06-25,L1 4PB,West Chelsea,,+44(0)1514960435,B0796,hospital_b
Jennifer,Smith,1991-01-19,N26 6LX,Thomaschester,joconnor@example.org,,B0797,hospital_b
Stephanie,Chapman,1957-06-13,N36 6FX,West Albertton,rwarren@example.net,0114 496 0657,B0798,hospital_b
Jasmine,Goodwin,1941-02-15,CW39 0ZB,Victorville,hughesbeth@example.com,+441632 960091,B0799,hospital_b
Carol,Edwards,1962-05-12,N41 0DF,South Terry,darren02@example.com,03069990015,B0800,hospital_b
Geogrina,Parker,1961-02-11,PE5X 3DB,South Gerardborough,james39@example.org,0113 496 0452,B0801,hospital_b
yRan,Sahw,1966-07-23,M1B 9EJ,Amberburgh,denis35@example.net,020 74960520,B0802,hospital_b
Linda,Cooper,1937-09-16,LU99 0RY,Hewittside,fordcharlotte@example.net,(0151) 4960740,B0803,hospital_b
Bethan,Bowen,2008-01-01,M2T 3YN,Kimberleystad,michaelharper@example.com,+44(0)151 496 0625,B0804,hospital_b
Toby,Baiely,1947-01-05,WA0 7HR,Conorberg,gakhtar@example.com,,B0805,hospital_b
Benjamin,Johnson,1983-07-29,G3U 4PE,North Ryanshire,grahamemily@example.net,+44(0)1134960530,B0806,hospital_b
Kim,Miller,1974-10-11,ML43 2ED,Gilbertbury,ambermurray@example.com,,B0807,hospital_b
Lynne,Humphreys,2006-12-21,HG92 2YY,Websterfurt,wilsoncameron@example.com,,B0808,hospital_b
Clare,Middleton,1973-04-16,M7 0ZF,South Geoffreyland,shaun38@example.org,,B0809,hospital_b
Ngiel,Willis,1979-09-01,DA1N 8YU,Lake Claireshire,,(0151) 496 0385,B0810,hospital_b
Brett,Walton,1941-03-27,N9T 7GE,Humphreyston,banksdeclan@example.org,01614960893,B0811,hospital_b
Joseph,French,1962-09-09,W28 5NB,New Ashleyburgh,dmarsden@example.org,+44(0)191 496 0394,B0812,hospital_b
Paula,Clarke,2002-12-05,G20 1LL,Scottborough,judithmorris@example.org,+44(0)1414960599,B0813,hospital_b
Carolyn,Chapman,1936-01-11,B20 0LF,port wayne,jenniferstephenson@example.org,+44(0)29 2018135,B0814,hospital_b
Susan,Simmons,1977-12-15,L2U0GZ,South Jillland,mburns@example.org,(0909) 8790298,B0815,hospital_b
Charlie,Baldwin,1992-08-07,EH8 1ZR,Marsdenshire,robertsreece@example.org,,B0816,hospital_b
William,Owne,1975-12-16,WC6 7BR,Lake Lisa,grahamtyler@example.com,+441314960504,B0817,hospital_b
Kimberley,Hussain,1990-12-27,GU0 6RH,Rachaelborough,,(0121)4960962,B0818,hospital_b
Sandra,Barrett,1997-01-29,CR61 4FL,Port Victoria,glennsingh@example.net,+44(0)29 2018542,B0819,hospital_b
Yvonne,Coko,1952-10-04,M72 0QX,East Duncan,reece03@example.org,+441144960587,B0820,hospital_b
Carol,Day,2006-11-01,IG7 9LU,Sandrafurt,heather53@example.com,0118 4960659,B0821,hospital_b
Megan,Scott,1955-01-21,SS98 1SH,Malcolmland,,(0191)4960095,B0822,hospital_b
Marytn,Khan,1962-02-21,PE1M 6EN,Lake Arthurside,,+44(0)141 4960145,B0823,hospital_b
Dylan,Dobson,1994-05-20,OL63 3EA,New Leahville,wsingh@example.org,0116 496 0115,B0824,hospital_b
Georgina,Williams,2002-03-01,M5C 5LG,Gregoryhaven,rsmith@example.net,+44(0)9098790701,B0825,hospital_b
Jean,O'Connro,2005-09-20,TW0Y 5FJ,Hallberg,umatthews@example.com,0117 496 0370,B0826,hospital_b
Nathan,White,1939-10-21,N2 8DA,Victorhaven,fowlerderek@example.com,(0909) 879 0221,B0827,hospital_b
Brenda,Ward,1987-01-20,S2T 9GY,Leonardstad,karenmorgan@example.com,,B0828,hospital_b
Leslie,Hayes,1985-11-21,DY930NQ,Marshallbury,eric23@example.com,0151 4960185,B0829,hospital_b
Josuha,Jones,1941-12-21,W0 6ZU,Port Leanneburgh,margaretthomas@example.org,(0161)4960126,B0830,hospital_b
Oliver,Nixon,1996-12-28,L8S 1US,Eleanorview,ujones@example.com,,B0831,hospital_b
Ryhs,Robinson,2005-09-01,CV2E 1ZN,Carlstad,rosiescott@example.net,(0909) 8790225,B0832,hospital_b
Damian,Bailey,1984-02-14,M18 2AD,Port Emma,joannebenson@example.net,+443069990463,B0833,hospital_b
Alexandra,Finch,1969-11-07,IP1 4UB,Stanleyview,robertskayleigh@example.net,(0114)4960516,B0834,hospital_b
aMx,Hammond,1976-08-13,HR5P 0YD,Wrightborough,barbara87@example.com,08081570207,B0835,hospital_b
David,Bakrer,1936-08-10,S20 9UE,Lake Irene,burrowsliam@example.org,02074960369,B0836,hospital_b
Sophie,Hall,1976-08-21,JE09 3DG,Hughesfort,jasonroberts@example.org,+44(0)115 496 0760,B0837,hospital_b
Kelly,Schofield,1986-01-19,W8G 3HY,Reeceville,,+44121 4960308,B0838,hospital_b
Ellie,Wood,1977-06-29,DE3 2BG,New Brianstad,,+44(0)118 496 0497,B0839,hospital_b
Glen,Jnoes,1987-03-09,G66NN,Hughesport,twright@example.org,+44(0)1414960365,B0840,hospital_b
Rachel,Marshall,1937-09-30,BD0 3QP,South Joe,foxemma@example.com,020 7946 0692,B0841,hospital_b
iGllian,Williams,1943-04-22,OL5E 3PH,Lake Laurenshire,ledwards@example.com,(0131)4960128,B0842,hospital_b
Shaun,Hall,1984-07-07,GU31 9NW,Mollyfurt,lawrence66@example.org,(0121) 4960544,B0843,hospital_b
Ross,Brookes,1954-01-27,M9 6YZ,Port Tina,dianacurtis@example.com,+44(0)118 4960974,B0844,hospital_b
Eirc,Allen,1954-12-19,EX08 2JB,donnachester,rachaelwood@example.net,+44117 4960988,B0845,hospital_b
Carole,aTylor,1954-12-18,G102BG,Port Catherineton,hmills@example.com,,B0846,hospital_b
Tom,Jones,1978-01-12,B30 4LY,Bakerfurt,braykathryn@example.org,020 74960002,B0847,hospital_b
Susna,Dean,1992-02-19,W56 8ZR,West Carole,teresa70@example.net,01514960199,B0848,hospital_b
Chalrie,Curtis,1954-05-05,NR4 4PR,Quinnland,joannawalton@example.org,+44(0)909 8790342,B0849,hospital_b
Karl,Norton,1946-10-14,ST2A 3NT,Justinview,gmartin@example.org,(0121)4960379,B0850,hospital_b
